Chromosome	Start	Stop	Reference	Variant	Transcript	Transcript Support Level	Transcript Length	Biotype	Ensembl Gene ID	Variant Type	Mutation	Protein Position	Gene Name	HGVSc	HGVSp	HLA Allele	Peptide Length	Sub-peptide Position	Mutation Position	MT Epitope Seq	WT Epitope Seq	Best MT IC50 Score Method	Best MT IC50 Score	Corresponding WT IC50 Score	Corresponding Fold Change	Best MT Percentile Method	Best MT Percentile	Corresponding WT Percentile	Tumor DNA Depth	Tumor DNA VAF	Tumor RNA Depth	Tumor RNA VAF	Normal Depth	Normal VAF	Gene Expression	Transcript Expression	Median MT IC50 Score	Median WT IC50 Score	Median Fold Change	Median MT Percentile	Median WT Percentile	BigMHC_EL WT Score	BigMHC_EL MT Score	BigMHC_IM WT Score	BigMHC_IM MT Score	MHCflurryEL Processing WT Score	MHCflurryEL Processing MT Score	MHCflurryEL Presentation WT Score	MHCflurryEL Presentation MT Score	MHCflurryEL Presentation WT Percentile	MHCflurryEL Presentation MT Percentile	MHCflurry WT IC50 Score	MHCflurry MT IC50 Score	MHCflurry WT Percentile	MHCflurry MT Percentile	MHCnuggetsI WT IC50 Score	MHCnuggetsI MT IC50 Score	MHCnuggetsI WT Percentile	MHCnuggetsI MT Percentile	NetMHC WT IC50 Score	NetMHC MT IC50 Score	NetMHC WT Percentile	NetMHC MT Percentile	NetMHCcons WT IC50 Score	NetMHCcons MT IC50 Score	NetMHCcons WT Percentile	NetMHCcons MT Percentile	NetMHCpan WT IC50 Score	NetMHCpan MT IC50 Score	NetMHCpan WT Percentile	NetMHCpan MT Percentile	NetMHCpanEL WT Score	NetMHCpanEL MT Score	NetMHCpanEL WT Percentile	NetMHCpanEL MT Percentile	PickPocket WT IC50 Score	PickPocket MT IC50 Score	PickPocket WT Percentile	PickPocket MT Percentile	SMM WT IC50 Score	SMM MT IC50 Score	SMM WT Percentile	SMM MT Percentile	SMMPMBEC WT IC50 Score	SMMPMBEC MT IC50 Score	SMMPMBEC WT Percentile	SMMPMBEC MT Percentile	Index	cterm_7mer_gravy_score	max_7mer_gravy_score	difficult_n_terminal_residue	c_terminal_cysteine	c_terminal_proline	cysteine_count	n_terminal_asparagine	asparagine_proline_bond_count	MHCnuggetsII WT IC50 Score	MHCnuggetsII MT IC50 Score	MHCnuggetsII WT Percentile	MHCnuggetsII MT Percentile	NetMHCIIpan WT IC50 Score	NetMHCIIpan MT IC50 Score	NetMHCIIpan WT Percentile	NetMHCIIpan MT Percentile	NetMHCIIpanEL WT Score	NetMHCIIpanEL MT Score	NetMHCIIpanEL WT Percentile	NetMHCIIpanEL MT Percentile	NNalign WT IC50 Score	NNalign MT IC50 Score	NNalign WT Percentile	NNalign MT Percentile	SMMalign WT IC50 Score	SMMalign MT IC50 Score	SMMalign WT Percentile	SMMalign MT Percentile
chr5	134893641	134893642	T	C	ENST00000358387.9	1	360	protein_coding	ENSG00000113621	missense	S/P	248	TXNDC15	ENST00000358387.9:c.742T>C	ENSP00000351157.5:p.Ser248Pro	DRB1*04:05	15	6	10	ALHFLALDAPQHSSL	ALHFLALDASQHSSL	NNalign	12.1	16.3	1.347	NNalign	0.06	0.13	137	0.993	447	0.996	139	0.0	42.95	11.362	24.095	29.1	1.208	0.39	0.59	NA	NA	NA	NA	NA	NA	NA	NA	NA	NA	NA	NA	NA	NA	NA	NA	NA	NA	NA	NA	NA	NA	NA	NA	NA	NA	NA	NA	NA	NA	NA	NA	NA	NA	NA	NA	NA	NA	NA	NA	NA	NA	NA	NA	NA	NA	334.TXNDC15.ENST00000358387.9.missense.248S/P	-0.6142857142857142	2.085714285714286	False	False	False	0	False	0	22.78	18.45	0.59	0.3899999999999999	35.42	29.74	0.37	0.25	0.213	0.3308	8.3	5.3	16.3	12.1	0.13	0.06	253.0	347.0	9.1	13.0
chr10	125859825	125859826	G	C	ENST00000284690.4	1	743	protein_coding	ENSG00000089876	missense	P/R	209	DHX32	ENST00000284690.4:c.626C>G	ENSP00000284690.3:p.Pro209Arg	DRB1*04:05	15	12	4	LARRELKLIINSSPH	LARPELKLIINSSPH	NNalign	27.7	25.5	0.921	NNalign	0.54	0.44	95	1.0	518	0.998	56	0.0	53.951	42.576	46.23	70.6	1.527	1.1	3.12	NA	NA	NA	NA	NA	NA	NA	NA	NA	NA	NA	NA	NA	NA	NA	NA	NA	NA	NA	NA	NA	NA	NA	NA	NA	NA	NA	NA	NA	NA	NA	NA	NA	NA	NA	NA	NA	NA	NA	NA	NA	NA	NA	NA	NA	NA	639.DHX32.ENST00000284690.4.missense.209P/R	-0.12857142857142856	1.1999999999999997	False	False	False	0	False	0	77.2	29.46	3.12	0.91	110.59	80.1	4.3	2.4	0.141	0.1311	12.0	13.0	25.5	27.7	0.44	0.54	64.0	63.0	1.1	1.1
chr17	4545724	4545725	T	C	ENST00000254718.9	1	1328	protein_coding	ENSG00000132382	missense	E/G	653	MYBBP1A	ENST00000254718.9:c.1958A>G	ENSP00000254718.4:p.Glu653Gly	DRB1*04:05	15	13	3	LVGILLALLAQPSHL	LVEILLALLAQPSHL	MHCnuggetsII	19.66	23.93	1.217	SMMalign	0.3	0.35	179	0.352	420	0.319	119	0.0	47.493	23.899	59.65	64.05	1.074	4.3	4.8	NA	NA	NA	NA	NA	NA	NA	NA	NA	NA	NA	NA	NA	NA	NA	NA	NA	NA	NA	NA	NA	NA	NA	NA	NA	NA	NA	NA	NA	NA	NA	NA	NA	NA	NA	NA	NA	NA	NA	NA	NA	NA	NA	NA	NA	NA	936.MYBBP1A.ENST00000254718.9.missense.653E/G	0.042857142857142705	3.328571428571429	False	False	False	0	False	0	23.93	19.66	0.64	0.4499999999999999	121.19	118.37	4.9	4.6	0.0279	0.0272	32.0	33.0	94.1	87.3	4.8	4.3	34.0	32.0	0.35	0.3
chr2	47806319	47806320	G	A	ENST00000234420.11	1	1360	protein_coding	ENSG00000116062	missense	D/N	1255	MSH6	ENST00000234420.11:c.3763G>A	ENSP00000234420.5:p.Asp1255Asn	HLA-B*45:01	9	7	3	VENYSQNVA	VEDYSQNVA	MHCflurry	51.583	70.684	1.37	MHCflurry	0.043	0.132	110	0.318	352	0.338	102	0.0	48.832	31.46	66.515	332.805	5.003	0.254	0.665	0.2443976	0.3044327	0.2279284	0.09055016	0.2653182353824377	0.287538768723607	0.7551765148063404	0.8192132538905292	0.3495380434782333	0.2481521739130414	70.68366120922757	51.58325378997929	0.131875	0.04275	408.96	61.42	1.13	0.29	430.94	60.56	0.63	0.09	382.02	79.14	0.85	0.26	356.26	69.9	0.3	0.09	0.66	0.78	0.11	0.06	309.35	154.78	0.7	0.3	209.51	63.13	0.9	0.3	279.01	105.35	1.1	0.4	130.MSH6.ENST00000234420.11.missense.1255D/N	-0.9428571428571427	-0.9428571428571427	False	False	False	0	False	0	NA	NA	NA	NA	NA	NA	NA	NA	NA	NA	NA	NA	NA	NA	NA	NA	NA	NA	NA	NA
chr15	100900576	100900577	G	T	ENST00000329841.10	1	512	protein_coding	ENSG00000184254	missense	D/Y	296	ALDH1A3	ENST00000329841.10:c.886G>T	ENSP00000332256.5:p.Asp296Tyr	HLA-A*29:02	9	1	9	IVCADADLY	IVCADADLD	NetMHCcons	28.01	29584.89	1056.226	NetMHCpan	0.28	64.0	184	0.359	153	0.542	80	0.0	15.852	13.653	88.086	19997.861	227.025	0.425	35.1	0.0010252701	0.2607467	0.060455084	0.9604526	0.0006611130556848	0.0268734384444542	0.0037001843421351	0.4788880537852129	99.28660326086955	0.8677173913042395	27297.00119243019	103.16288417944176	25.544875	0.4494999999999997	5865.11	2984.27	32.2	0.5	30561.94	73.01	38.0	0.33	29584.89	28.01	56.0	0.38	39452.69	142.0	64.0	0.28	1e-06	0.34	94.0	0.32	11233.42	1170.65	29.0	1.2	12698.72	54.3	22.0	0.5	10714.45	43.55	19.0	0.4	896.ALDH1A3.ENST00000329841.10.missense.296D/Y	0.22857142857142848	1.1142857142857143	False	False	False	1	False	0	NA	NA	NA	NA	NA	NA	NA	NA	NA	NA	NA	NA	NA	NA	NA	NA	NA	NA	NA	NA
chr2	669669	669670	C	T	ENST00000281017.8	1	140	protein_coding	ENSG00000151353	missense	M/I	111	TMEM18	ENST00000281017.8:c.333G>A	ENSP00000281017.3:p.Met111Ile	DRB1*04:05	15	13	3	VVIWVWKTLNVMTDL	VVMWVWKTLNVMTDL	MHCnuggetsII	57.72	82.53	1.43	NetMHCIIpan	2.1	1.8	141	0.262	980	0.306	89	0.011	55.263	3.288	96.465	108.265	1.122	6.3	7.1	NA	NA	NA	NA	NA	NA	NA	NA	NA	NA	NA	NA	NA	NA	NA	NA	NA	NA	NA	NA	NA	NA	NA	NA	NA	NA	NA	NA	NA	NA	NA	NA	NA	NA	NA	NA	NA	NA	NA	NA	NA	NA	NA	NA	NA	NA	124.TMEM18.ENST00000281017.8.missense.111M/I	0.8571428571428571	1.6285714285714283	False	False	False	0	False	0	82.53	57.72	3.34	2.26	68.57	72.53	1.8	2.1	0.2153	0.2239	8.2	7.8	134.0	120.4	7.1	6.3	236.0	231.0	8.4	8.2
chr10	37957500	37957501	C	T	ENST00000302609.8	1	456	protein_coding	ENSG00000175395	missense	E/K	21	ZNF25	ENST00000302609.8:c.61G>A	ENSP00000302222.7:p.Glu21Lys	DRB1*04:05	15	13	3	KEKWKLLTPAQRTLY	KEEWKLLTPAQRTLY	MHCnuggetsII	50.01	72.01	1.44	MHCnuggetsII	1.89	2.9	274	0.485	187	0.471	160	0.0	13.09	6.784	97.785	126.545	1.294	5.8	8.1	NA	NA	NA	NA	NA	NA	NA	NA	NA	NA	NA	NA	NA	NA	NA	NA	NA	NA	NA	NA	NA	NA	NA	NA	NA	NA	NA	NA	NA	NA	NA	NA	NA	NA	NA	NA	NA	NA	NA	NA	NA	NA	NA	NA	NA	NA	613.ZNF25.ENST00000302609.8.missense.21E/K	-0.8571428571428571	0.32857142857142857	False	False	False	0	False	0	72.01	50.01	2.9000000000000004	1.89	179.69	138.07	8.1	5.8	0.1319	0.1358	13.0	12.0	73.4	57.5	3.3	2.3	370.0	363.0	14.0	14.0
chr2	190982493	190982494	G	C	ENST00000361099.8	1	750	protein_coding	ENSG00000115415	missense	P/A	491	STAT1	ENST00000361099.8:c.1471C>G	ENSP00000354394.4:p.Pro491Ala	DRB1*04:05	15	6	10	RNLSFFLTPACARWA	RNLSFFLTPPCARWA	MHCnuggetsII	66.21	101.78	1.537	MHCnuggetsII	2.64	4.12	180	0.583	1475	0.52	115	0.0	172.622	79.567	98.685	115.03	1.166	4.6	5.2	NA	NA	NA	NA	NA	NA	NA	NA	NA	NA	NA	NA	NA	NA	NA	NA	NA	NA	NA	NA	NA	NA	NA	NA	NA	NA	NA	NA	NA	NA	NA	NA	NA	NA	NA	NA	NA	NA	NA	NA	NA	NA	NA	NA	NA	NA	186.STAT1.ENST00000361099.8.missense.491P/A	0.1285714285714286	1.6285714285714286	False	False	False	1	False	0	101.78	66.21	4.12	2.64	128.28	105.67	5.2	3.9	0.0223	0.0188	36.0	39.0	99.0	91.7	5.2	4.6	358.0	865.0	14.0	29.0
chr11	6401000	6401001	C	T	ENST00000311051.7	1	708	protein_coding	ENSG00000166313	missense	A/T	552	APBB1	ENST00000311051.7:c.1654G>A	ENSP00000311912.3:p.Ala552Thr	DRB1*04:05	15	4	12	FQVYYLGNVPVTKPV	FQVYYLGNVPVAKPV	NetMHCIIpan	71.54	53.29	0.745	NetMHCIIpan	2.0	1.1	97	0.99	85	1.0	113	0.0	6.678	2.24	101.105	156.055	1.543	4.74	7.1	NA	NA	NA	NA	NA	NA	NA	NA	NA	NA	NA	NA	NA	NA	NA	NA	NA	NA	NA	NA	NA	NA	NA	NA	NA	NA	NA	NA	NA	NA	NA	NA	NA	NA	NA	NA	NA	NA	NA	NA	NA	NA	NA	NA	NA	NA	677.APBB1.ENST00000311051.7.missense.552A/T	0.6857142857142858	0.857142857142857	False	False	False	0	False	0	242.61	117.91	8.799999999999999	4.74	53.29	71.54	1.1	2.0	0.2483	0.1397	7.1	12.0	69.5	84.3	3.1	4.1	649.0	616.0	23.0	22.0
chr16	25246937	25246938	C	T	ENST00000328086.12	1	967	protein_coding	ENSG00000155592	missense	E/K	420	ZKSCAN2	ENST00000328086.12:c.1258G>A	ENSP00000331626.7:p.Glu420Lys	DRB1*04:05	15	10	6	PCAFFKDMDALLNPA	PCAFFEDMDALLNPA	MHCnuggetsII	29.31	95.46	3.257	MHCnuggetsII	0.9	3.86	449	0.454	68	0.441	316	0.0	4.925	3.754	101.45	245.215	2.417	5.0	14.0	NA	NA	NA	NA	NA	NA	NA	NA	NA	NA	NA	NA	NA	NA	NA	NA	NA	NA	NA	NA	NA	NA	NA	NA	NA	NA	NA	NA	NA	NA	NA	NA	NA	NA	NA	NA	NA	NA	NA	NA	NA	NA	NA	NA	NA	NA	910.ZKSCAN2.ENST00000328086.12.missense.420E/K	0.3714285714285714	0.6285714285714283	False	False	False	1	False	1	95.46	29.31	3.86	0.8999999999999999	294.63	105.1	14.0	3.9	0.1103	0.1559	14.0	11.0	195.8	97.8	11.0	5.0	628.0	222.0	22.0	7.8
chr16	58516554	58516555	G	A	ENST00000219315.9	1	473	protein_coding	ENSG00000103037	missense	R/H	185	SETD6	ENST00000219315.9:c.554G>A	ENSP00000219315.5:p.Arg185His	HLA-A*29:02	9	4	6	DLANIHSEY	DLANIRSEY	NetMHCcons	57.2	207.3	3.624	MHCflurry	0.058	0.066	212	0.335	100	0.34	82	0.0	11.622	1.607	103.73	277.9	2.679	0.483	0.94	0.31319427	0.3049406	0.25577885	0.39339638	0.8651595860719681	0.7953366152942181	0.937169434901283	0.9425709203109498	0.0657880434782782	0.058288043478285	124.04369480978382	87.16884901711668	0.5318749999999998	0.3756249999999998	4700.83	4420.3	1.54	1.1900000000000002	348.5	84.84	0.88	0.37	207.3	57.2	1.4	0.59	383.99	110.06	0.53	0.24	0.427	0.629	0.25	0.13	2579.01	1946.61	4.7	3.0	144.13	102.27	1.0	0.8	184.91	105.19	1.2	0.8	919.SETD6.ENST00000219315.9.missense.185R/H	-0.8571428571428571	-0.12857142857142861	False	False	False	0	False	0	NA	NA	NA	NA	NA	NA	NA	NA	NA	NA	NA	NA	NA	NA	NA	NA	NA	NA	NA	NA
chr13	45399008	45399009	C	T	ENST00000519676.6	1	291	protein_coding	ENSG00000174032	missense	M/I	228	SLC25A30	ENST00000519676.6:c.684G>A	ENSP00000429168.1:p.Met228Ile	DRB1*04:05	15	10	6	VVRTRIMNQRVLRDG	VVRTRMMNQRVLRDG	MHCnuggetsII	60.07	86.94	1.447	MHCnuggetsII	2.36	3.52	142	0.451	223	0.52	102	0.0	20.311	7.417	110.36	188.395	1.707	4.5	9.2	NA	NA	NA	NA	NA	NA	NA	NA	NA	NA	NA	NA	NA	NA	NA	NA	NA	NA	NA	NA	NA	NA	NA	NA	NA	NA	NA	NA	NA	NA	NA	NA	NA	NA	NA	NA	NA	NA	NA	NA	NA	NA	NA	NA	NA	NA	770.SLC25A30.ENST00000519676.6.missense.228M/I	-1.2	0.7285714285714285	False	False	False	0	False	0	86.94	60.07	3.52	2.36	203.59	116.12	9.4	4.5	0.2155	0.4889	8.2	3.2	173.2	104.6	9.2	5.4	581.0	582.0	21.0	21.0
chr2	63942505	63942506	C	G	ENST00000409558.8	1	965	protein_coding	ENSG00000143952	missense	D/H	441	VPS54	ENST00000409558.8:c.1321G>C	ENSP00000386980.3:p.Asp441His	DRB1*04:05	15	13	3	LKHIFSKFTIFLQRV	LKDIFSKFTIFLQRV	MHCnuggetsII	60.59	56.21	0.928	MHCnuggetsII	2.38	2.18	60	1.0	86	1.0	105	0.0	12.384	5.243	123.07	146.53	1.191	6.0	6.8	NA	NA	NA	NA	NA	NA	NA	NA	NA	NA	NA	NA	NA	NA	NA	NA	NA	NA	NA	NA	NA	NA	NA	NA	NA	NA	NA	NA	NA	NA	NA	NA	NA	NA	NA	NA	NA	NA	NA	NA	NA	NA	NA	NA	NA	NA	140.VPS54.ENST00000409558.8.missense.441D/H	0.9428571428571427	1.3142857142857143	False	False	False	0	False	0	56.21	60.59	2.18	2.3800000000000003	156.06	143.14	6.8	6.0	0.0896	0.0732	17.0	19.0	438.4	362.7	21.0	18.0	137.0	103.0	4.2	2.6
chrX	40655057	40655058	G	T	ENST00000324817.6	1	1454	protein_coding	ENSG00000180182	missense	F/L	1325	MED14	ENST00000324817.6:c.3975C>A	ENSP00000323720.1:p.Phe1325Leu	DRB1*04:05	15	6	10	CVHIMKLELLPDQAT	CVHIMKLELFPDQAT	NNalign	118.0	143.5	1.216	SMMalign	4.0	8.8	72	1.0	146	1.0	82	0.0	18.572	7.173	137.05	232.99	1.7	6.2	8.8	NA	NA	NA	NA	NA	NA	NA	NA	NA	NA	NA	NA	NA	NA	NA	NA	NA	NA	NA	NA	NA	NA	NA	NA	NA	NA	NA	NA	NA	NA	NA	NA	NA	NA	NA	NA	NA	NA	NA	NA	NA	NA	NA	NA	NA	NA	1136.MED14.ENST00000324817.6.missense.1325F/L	0.0142857142857143	1.4857142857142858	True	False	False	1	False	0	219.98	142.1	8.15	5.65	307.72	268.53	15.0	13.0	0.0304	0.0454	31.0	25.0	143.5	118.0	7.6	6.2	246.0	132.0	8.8	4.0
chr6	70190343	70190344	G	C	ENST00000620364.5	1	1142	protein_coding	ENSG00000082293	missense	K/N	1019	COL19A1	ENST00000620364.5:c.3057G>C	ENSP00000480474.1:p.Lys1019Asn	DRB1*04:05	15	12	4	EEINKYINQEVLRIF	EEIKKYINQEVLRIF	NNalign	43.1	39.7	0.921	NNalign	1.4	1.2	208	0.255	52	0.269	137	0.0	10.708	6.012	142.32	119.01	0.836	6.8	5.9	NA	NA	NA	NA	NA	NA	NA	NA	NA	NA	NA	NA	NA	NA	NA	NA	NA	NA	NA	NA	NA	NA	NA	NA	NA	NA	NA	NA	NA	NA	NA	NA	NA	NA	NA	NA	NA	NA	NA	NA	NA	NA	NA	NA	NA	NA	391.COL19A1.ENST00000620364.5.missense.1019K/N	0.5428571428571428	0.5428571428571428	True	False	False	0	False	0	426.48	733.23	13.19	18.48	63.02	84.64	1.6	2.7	0.186	0.1576	9.3	11.0	39.7	43.1	1.2	1.4	175.0	200.0	5.9	6.8
chr17	5007046	5007047	C	T	ENST00000320785.10	1	1103	protein_coding	ENSG00000129250	missense	S/F	433	KIF1C	ENST00000320785.10:c.1298C>T	ENSP00000320821.5:p.Ser433Phe	HLA-B*45:01	10	8	3	TEFQIGPEEA	TESQIGPEEA	MHCflurry	42.841	45.06	1.052	MHCflurry	0.01	0.016	174	0.316	1679	0.297	107	0.0	121.453	43.138	152.1	166.31	1.093	0.35	0.473	0.0037809876	0.011164045	0.00084726274	0.0024968965	0.0338853098510298	0.1000127959996461	0.678064646780816	0.7365139553407514	0.4753260869564855	0.3806249999999807	45.0602177872231	42.840519221488506	0.015875	0.010375	127.92	128.91	0.53	0.53	283.74	215.15	0.42	0.31	302.73	172.47	0.47	0.32	136.26	99.24	0.14	0.11	0.751	0.792	0.07	0.06	727.23	645.63	0.8	0.7	148.15	131.73	0.5	0.4	184.47	206.5	0.6	0.6	942.KIF1C.ENST00000320785.10.missense.433S/F	-0.8857142857142858	-0.3428571428571429	False	False	False	0	False	0	NA	NA	NA	NA	NA	NA	NA	NA	NA	NA	NA	NA	NA	NA	NA	NA	NA	NA	NA	NA
chr6	46662451	46662452	C	G	ENST00000371347.10	1	323	protein_coding	ENSG00000153291	missense	Q/E	154	SLC25A27	ENST00000371347.10:c.460C>G	ENSP00000360398.3:p.Gln154Glu	DRB1*04:05	15	1	15	IGQFLANPTDLVKVE	IGQFLANPTDLVKVQ	NNalign	77.3	80.6	1.043	NetMHCIIpanEL	3.5	3.6	93	0.484	71	0.521	45	0.0	14.615	2.644	156.66	112.69	0.719	4.6	3.7	NA	NA	NA	NA	NA	NA	NA	NA	NA	NA	NA	NA	NA	NA	NA	NA	NA	NA	NA	NA	NA	NA	NA	NA	NA	NA	NA	NA	NA	NA	NA	NA	NA	NA	NA	NA	NA	NA	NA	NA	NA	NA	NA	NA	NA	NA	385.SLC25A27.ENST00000371347.10.missense.154Q/E	0.08571428571428566	0.7857142857142857	False	False	False	0	False	1	124.41	196.34	4.99	7.439999999999999	100.97	116.98	3.6	4.6	0.4554	0.4708	3.6	3.5	80.6	77.3	3.7	3.5	205.0	205.0	7.1	7.1
chr5	1331835	1331836	C	A	ENST00000320895.10	1	538	protein_coding	ENSG00000049656	missense	K/N	313	CLPTM1L	ENST00000320895.10:c.939G>T	ENSP00000313854.5:p.Lys313Asn	DRB1*04:05	15	3	13	DFLAFKNDISFWNKK	DFLAFKNDISFWKKK	NetMHCIIpan	28.39	35.59	1.254	NetMHCIIpan	0.23	0.38	164	0.378	1031	0.325	97	0.0	169.373	51.961	159.85	190.85	1.194	7.4	9.0	NA	NA	NA	NA	NA	NA	NA	NA	NA	NA	NA	NA	NA	NA	NA	NA	NA	NA	NA	NA	NA	NA	NA	NA	NA	NA	NA	NA	NA	NA	NA	NA	NA	NA	NA	NA	NA	NA	NA	NA	NA	NA	NA	NA	NA	NA	319.CLPTM1L.ENST00000320895.10.missense.313K/N	-0.8142857142857143	0.2857142857142855	False	False	False	0	False	0	1629.78	1105.11	28.47	23.26	35.59	28.39	0.38	0.23	0.0972	0.1926	16.0	9.0	130.7	106.7	7.0	5.6	251.0	213.0	9.0	7.4
chrX	78015862	78015863	G	C	ENST00000341514.11	1	1500	protein_coding	ENSG00000165240	missense	D/H	870	ATP7A	ENST00000341514.11:c.2608G>C	ENSP00000345728.6:p.Asp870His	HLA-B*45:01	9	9	1	HESLITGEA	DESLITGEA	MHCflurry	41.746	70.827	1.697	MHCflurry	0.007	0.132	55	0.982	41	0.951	58	0.0	5.153	1.293	164.31	360.225	2.192	0.4	0.75	0.015518339	0.42327547	0.0040618763	0.1400824	0.4987940937280655	0.6700981631875038	0.8755020038658139	0.9556421341068234	0.1609239130434758	0.0396467391304469	70.82745324731629	41.74640700773211	0.131875	0.007375	9456.17	792.6	9.9	1.7000000000000002	1153.03	344.74	1.5	0.5	1430.07	222.4	2.2	0.57	258.02	72.07	0.23	0.09	0.562	0.749	0.14	0.07	456.69	344.7	1.3	0.9	263.76	106.22	1.0	0.4	128.71	100.84	0.5	0.4	1180.ATP7A.ENST00000341514.11.missense.870D/H	0.6714285714285714	0.6714285714285714	False	False	False	0	False	0	NA	NA	NA	NA	NA	NA	NA	NA	NA	NA	NA	NA	NA	NA	NA	NA	NA	NA	NA	NA
chrX	154349376	154349377	C	G	ENST00000369850.10	1	2647	protein_coding	ENSG00000196924	missense	D/H	2581	FLNA	ENST00000369850.10:c.7741G>C	ENSP00000358866.3:p.Asp2581His	DRB1*04:05	15	3	13	KAYVGQKSSFTVHCS	KAYVGQKSSFTVDCS	NNalign	127.7	122.5	0.959	SMMalign	6.5	6.3	120	0.992	5609	0.998	68	0.015	706.463	21.322	194.025	219.67	1.132	9.1	12.0	NA	NA	NA	NA	NA	NA	NA	NA	NA	NA	NA	NA	NA	NA	NA	NA	NA	NA	NA	NA	NA	NA	NA	NA	NA	NA	NA	NA	NA	NA	NA	NA	NA	NA	NA	NA	NA	NA	NA	NA	NA	NA	NA	NA	NA	NA	1211.FLNA.ENST00000369850.10.missense.2581D/H	0.5714285714285714	0.5714285714285714	False	False	False	1	False	0	819.47	481.54	19.7	14.27	254.34	199.05	12.0	9.1	0.0635	0.0439	21.0	25.0	122.5	127.7	6.4	6.8	185.0	189.0	6.3	6.5
chr9	35750917	35750918	C	T	ENST00000378078.5	1	391	protein_coding	ENSG00000107185	missense	T/I	139	RGP1	ENST00000378078.5:c.416C>T	ENSP00000367318.4:p.Thr139Ile	DRB1*04:05	15	8	8	VKYVYKLIIGCQRVN	VKYVYKLTIGCQRVN	MHCnuggetsII	21.81	38.19	1.751	MHCnuggetsII	0.54	1.32	95	0.979	194	0.995	126	0.016	12.548	9.354	198.74	228.91	1.152	12.0	13.0	NA	NA	NA	NA	NA	NA	NA	NA	NA	NA	NA	NA	NA	NA	NA	NA	NA	NA	NA	NA	NA	NA	NA	NA	NA	NA	NA	NA	NA	NA	NA	NA	NA	NA	NA	NA	NA	NA	NA	NA	NA	NA	NA	NA	NA	NA	573.RGP1.ENST00000378078.5.missense.139T/I	-0.10000000000000002	1.6285714285714286	False	False	False	1	False	0	38.19	21.81	1.32	0.54	219.52	174.58	11.0	7.8	0.012	0.0104	47.0	49.0	238.3	222.9	13.0	12.0	662.0	653.0	23.0	23.0
chr6	109451607	109451608	G	T	ENST00000358577.7	1	981	protein_coding	ENSG00000135596	missense	L/M	309	MICAL1	ENST00000358577.7:c.925C>A	ENSP00000351385.3:p.Leu309Met	DRB1*04:05	15	6	10	KQCLLRLGVMRQPFW	KQCLLRLGVLRQPFW	MHCnuggetsII	129.18	182.73	1.415	MHCnuggetsII	5.17	7.01	52	0.981	96	1.0	33	0.0	12.825	2.946	203.395	177.565	0.873	11.0	7.7	NA	NA	NA	NA	NA	NA	NA	NA	NA	NA	NA	NA	NA	NA	NA	NA	NA	NA	NA	NA	NA	NA	NA	NA	NA	NA	NA	NA	NA	NA	NA	NA	NA	NA	NA	NA	NA	NA	NA	NA	NA	NA	NA	NA	NA	NA	394.MICAL1.ENST00000358577.7.missense.309L/M	-0.22857142857142865	1.8857142857142857	False	False	False	1	False	0	182.73	129.18	7.01	5.17	172.4	212.09	7.7	9.9	0.0314	0.0162	30.0	41.0	129.1	194.7	6.9	11.0	561.0	693.0	21.0	24.0
chr7	112342710	112342711	G	C	ENST00000361822.8	1	450	protein_coding	ENSG00000198839	missense	L/F	445	ZNF277	ENST00000361822.8:c.1335G>C	ENSP00000354501.3:p.Leu445Phe	DRB1*04:05	15	13	12	SKLYALKQSSIFNQL	SKLYALKQSSILNQL	MHCnuggetsII	135.12	57.39	0.425	MHCnuggetsII	5.39	2.24	175	0.434	505	0.347	92	0.0	58.592	9.179	209.2	151.745	0.725	9.8	8.3	NA	NA	NA	NA	NA	NA	NA	NA	NA	NA	NA	NA	NA	NA	NA	NA	NA	NA	NA	NA	NA	NA	NA	NA	NA	NA	NA	NA	NA	NA	NA	NA	NA	NA	NA	NA	NA	NA	NA	NA	NA	NA	NA	NA	NA	NA	460.ZNF277.ENST00000361822.8.missense.445L/F	0.35714285714285704	0.35714285714285704	False	False	False	0	False	0	57.39	135.12	2.24	5.390000000000001	183.39	245.9	8.3	12.0	0.0282	0.0152	32.0	42.0	120.1	172.5	6.3	9.1	239.0	268.0	8.5	9.8
chr6	109451607	109451608	G	T	ENST00000358807.8	1	1067	protein_coding	ENSG00000135596	missense	L/M	309	MICAL1	ENST00000358807.8:c.925C>A	ENSP00000351664.3:p.Leu309Met	DRB1*04:05	15	5	11	KKQCLLRLGVMRQDW	KKQCLLRLGVLRQDW	MHCnuggetsII	158.49	145.19	0.916	MHCnuggetsII	6.2	5.75	52	0.981	96	1.0	33	0.0	12.825	7.567	214.415	171.155	0.798	13.0	9.0	NA	NA	NA	NA	NA	NA	NA	NA	NA	NA	NA	NA	NA	NA	NA	NA	NA	NA	NA	NA	NA	NA	NA	NA	NA	NA	NA	NA	NA	NA	NA	NA	NA	NA	NA	NA	NA	NA	NA	NA	NA	NA	NA	NA	NA	NA	395.MICAL1.ENST00000358807.8.missense.309L/M	-0.9571428571428572	1.8857142857142857	False	False	False	1	False	0	145.19	158.49	5.75	6.2	197.12	262.03	9.0	13.0	0.035	0.0178	29.0	40.0	114.0	166.8	6.0	8.8	730.0	833.0	26.0	29.0
chr1	154590262	154590263	T	A	ENST00000368474.9	1	1226	protein_coding	ENSG00000160710	missense	E/V	806	ADAR	ENST00000368474.9:c.2417A>T	ENSP00000357459.4:p.Glu806Val	HLA-B*45:01	10	3	8	AERMGFTVVT	AERMGFTEVT	NetMHC	22.44	42.62	1.899	NetMHC	0.03	0.06	149	0.302	1233	0.348	139	0.007	131.835	29.266	214.664	219.26	1.021	0.33	0.462	0.18812807	0.034368556	0.014715278	0.0029568935	0.2832114603370428	0.3730203146114945	0.5144309887378682	0.5231498188416924	0.7930434782607136	0.7725815217389993	226.68944851048937	303.3089523399954	0.5342499999999998	0.6408749999999996	86.69	36.58	0.3899999999999999	0.1699999999999999	42.62	22.44	0.06	0.03	211.83	126.02	0.35	0.21	54.92	23.99	0.08	0.04	0.346	0.407	0.32	0.26	605.05	409.85	0.6	0.4	626.17	599.36	2.4	2.2	398.04	385.42	1.3	1.3	58.ADAR.ENST00000368474.9.missense.806E/V	1.6142857142857143	1.6142857142857143	False	False	False	0	False	0	NA	NA	NA	NA	NA	NA	NA	NA	NA	NA	NA	NA	NA	NA	NA	NA	NA	NA	NA	NA
chr22	50243800	50243801	T	C	ENST00000248846.10	1	1819	protein_coding	ENSG00000128159	missense	H/R	220	TUBGCP6	ENST00000248846.10:c.659A>G	ENSP00000248846.5:p.His220Arg	DRB1*04:05	15	7	9	VSLFGALVRSRTYDM	VSLFGALVHSRTYDM	MHCnuggetsII	93.91	102.72	1.094	MHCnuggetsII	3.8	4.16	284	0.75	334	0.775	162	0.0	24.241	13.021	215.605	117.86	0.547	13.0	4.7	NA	NA	NA	NA	NA	NA	NA	NA	NA	NA	NA	NA	NA	NA	NA	NA	NA	NA	NA	NA	NA	NA	NA	NA	NA	NA	NA	NA	NA	NA	NA	NA	NA	NA	NA	NA	NA	NA	NA	NA	NA	NA	NA	NA	NA	NA	1115.TUBGCP6.ENST00000248846.10.missense.220H/R	-1.9142857142857144	2.1714285714285713	False	False	False	0	False	0	102.72	93.91	4.16	3.8	168.99	266.21	7.5	13.0	0.0132	0.0067	45.0	58.0	92.9	282.8	4.7	15.0	133.0	165.0	4.0	5.4
chrX	1419025	1419026	G	A	ENST00000381317.9	1	621	protein_coding	ENSG00000169093	missense	T/M	445	ASMTL	ENST00000381317.9:c.1334C>T	ENSP00000370718.3:p.Thr445Met	DRB1*04:05	15	13	3	VAMAFNLSRFSSACD	VATAFNLSRFSSACD	NNalign	67.6	67.6	1.0	NNalign	2.9	2.9	353	0.467	804	0.46	105	0.0	74.609	65.222	215.995	235.68	1.091	13.0	10.29	NA	NA	NA	NA	NA	NA	NA	NA	NA	NA	NA	NA	NA	NA	NA	NA	NA	NA	NA	NA	NA	NA	NA	NA	NA	NA	NA	NA	NA	NA	NA	NA	NA	NA	NA	NA	NA	NA	NA	NA	NA	NA	NA	NA	NA	NA	1117.ASMTL.ENST00000381317.9.missense.445T/M	-0.35714285714285715	1.8285714285714287	False	False	False	1	False	0	298.13	471.98	10.29	14.08	297.36	257.99	14.0	13.0	0.0039	0.0034	68.0	71.0	67.6	67.6	2.9	2.9	174.0	174.0	5.8	5.8
chr14	60724007	60724008	C	G	ENST00000216513.5	1	781	protein_coding	ENSG00000100625	missense	E/Q	23	SIX4	ENST00000216513.5:c.67G>C	ENSP00000216513.4:p.Glu23Gln	HLA-B*45:01	8	3	6	QENGMQSA	QENGMESA	MHCnuggetsI	34.35	56.69	1.65	MHCnuggetsI	0.16	0.27	12	1.0	76	0.987	17	0.0	15.017	2.619	222.02	324.685	1.462	0.23	0.405	0.004261246	0.009581468	0.0017156171	0.0035156703	0.006365428387653	0.0115176510880701	0.4636308083627146	0.5195936786959442	0.9014130434781435	0.7787771739129141	101.96721210622457	82.48847753914967	0.2467499999999999	0.18	56.69	34.35	0.27	0.16	277.55	183.86	0.41	0.26	80.43	42.94	0.35	0.17	841.2	638.65	0.55	0.45	0.451	0.536	0.22	0.16	371.82	260.18	0.4	0.2	1319.62	1007.98	0.6	0.4	3485.3	4418.15	2.7	3.6	809.SIX4.ENST00000216513.5.missense.23E/Q	-1.1428571428571428	-1.1428571428571428	True	False	False	0	False	0	NA	NA	NA	NA	NA	NA	NA	NA	NA	NA	NA	NA	NA	NA	NA	NA	NA	NA	NA	NA
chr2	53901384	53901385	G	C	ENST00000404125.6	1	1843	protein_coding	ENSG00000068878	missense	H/D	1084	PSME4	ENST00000404125.6:c.3250C>G	ENSP00000384211.1:p.His1084Asp	DRB1*04:05	15	1	15	PSIVRLFDDLAEKID	PSIVRLFDDLAEKIH	NNalign	61.2	62.1	1.015	NetMHCIIpanEL	1.2	1.5	143	0.35	601	0.276	139	0.0	57.847	27.665	228.85	228.295	0.998	3.1	2.5	NA	NA	NA	NA	NA	NA	NA	NA	NA	NA	NA	NA	NA	NA	NA	NA	NA	NA	NA	NA	NA	NA	NA	NA	NA	NA	NA	NA	NA	NA	NA	NA	NA	NA	NA	NA	NA	NA	NA	NA	NA	NA	NA	NA	NA	NA	136.PSME4.ENST00000404125.6.missense.1084H/D	-0.6142857142857144	1.1999999999999997	False	False	False	0	False	0	540.98	398.87	15.38	12.62	81.59	90.7	2.5	3.1	0.6772	0.7288	1.5	1.2	62.1	61.2	2.5	2.5	375.0	367.0	14.0	14.0
chr9	133354714	133354715	G	C	ENST00000371974.8	1	300	protein_coding	ENSG00000148290	missense	N/K	89	SURF1	ENST00000371974.8:c.267C>G	ENSP00000361042.3:p.Asn89Lys	DRB1*04:05	15	9	7	RRKWKLKLIAELESR	RRKWKLNLIAELESR	MHCnuggetsII	135.67	47.15	0.348	MHCnuggetsII	5.41	1.76	90	0.7	563	0.762	64	0.0	46.709	10.581	236.78	134.38	0.568	13.0	7.3	NA	NA	NA	NA	NA	NA	NA	NA	NA	NA	NA	NA	NA	NA	NA	NA	NA	NA	NA	NA	NA	NA	NA	NA	NA	NA	NA	NA	NA	NA	NA	NA	NA	NA	NA	NA	NA	NA	NA	NA	NA	NA	NA	NA	NA	NA	591.SURF1.ENST00000371974.8.missense.89N/K	-0.31428571428571433	1.4714285714285715	False	False	False	0	False	0	47.15	135.67	1.76	5.41	163.36	264.46	7.3	13.0	0.0716	0.0555	19.0	22.0	105.4	209.1	5.5	12.0	291.0	332.0	11.0	13.0
chr5	14507134	14507135	C	T	ENST00000344204.9	1	3097	protein_coding	ENSG00000038382	missense	R/C	2876	TRIO	ENST00000344204.9:c.8626C>T	ENSP00000339299.4:p.Arg2876Cys	DRB1*04:05	15	3	13	SYILVLEMADQGCLL	SYILVLEMADQGRLL	SMMalign	116.0	111.0	0.957	SMMalign	3.2	3.0	143	0.259	376	0.25	75	0.0	74.348	11.522	236.805	161.185	0.681	14.0	7.0	NA	NA	NA	NA	NA	NA	NA	NA	NA	NA	NA	NA	NA	NA	NA	NA	NA	NA	NA	NA	NA	NA	NA	NA	NA	NA	NA	NA	NA	NA	NA	NA	NA	NA	NA	NA	NA	NA	NA	NA	NA	NA	NA	NA	NA	NA	326.TRIO.ENST00000344204.9.missense.2876R/C	0.6428571428571427	2.357142857142857	False	False	False	1	False	0	164.46	221.21	6.41	8.18	157.91	417.12	7.0	20.0	0.0281	0.0049	32.0	64.0	217.8	252.4	12.0	14.0	111.0	116.0	3.0	3.2
chr1	27793606	27793607	C	G	ENST00000373943.9	1	276	protein_coding	ENSG00000117758	missense	P/R	88	STX12	ENST00000373943.9:c.263C>G	ENSP00000363054.4:p.Pro88Arg	DRB1*04:05	15	5	11	NELLKELGSLRLPLS	NELLKELGSLPLPLS	NNalign	156.0	191.5	1.228	NNalign	8.3	11.0	123	1.0	432	1.0	94	0.0	26.914	19.341	237.51	212.75	0.896	9.9	9.08	NA	NA	NA	NA	NA	NA	NA	NA	NA	NA	NA	NA	NA	NA	NA	NA	NA	NA	NA	NA	NA	NA	NA	NA	NA	NA	NA	NA	NA	NA	NA	NA	NA	NA	NA	NA	NA	NA	NA	NA	NA	NA	NA	NA	NA	NA	13.STX12.ENST00000373943.9.missense.88P/R	0.5285714285714286	0.5857142857142856	False	False	False	0	True	0	252.48	376.11	9.08	12.13	168.62	206.02	7.5	9.6	0.0568	0.0396	22.0	27.0	191.5	156.0	11.0	8.3	234.0	269.0	8.4	9.9
chr4	108650681	108650682	C	G	ENST00000361564.9	1	149	protein_coding	ENSG00000198856	missense	F/L	9	OSTC	ENST00000361564.9:c.27C>G	ENSP00000354676.4:p.Phe9Leu	DRB1*04:05	15	6	4	RVPLLVLECPNLKLK	RVPFLVLECPNLKLK	NNalign	104.6	54.5	0.521	NNalign	5.4	2.1	273	0.462	1028	0.486	154	0.0	173.877	167.705	239.415	84.44	0.353	15.0	4.5	NA	NA	NA	NA	NA	NA	NA	NA	NA	NA	NA	NA	NA	NA	NA	NA	NA	NA	NA	NA	NA	NA	NA	NA	NA	NA	NA	NA	NA	NA	NA	NA	NA	NA	NA	NA	NA	NA	NA	NA	NA	NA	NA	NA	NA	NA	300.OSTC.ENST00000361564.9.missense.9F/L	-0.4	2.1	False	False	False	1	False	0	54.54	160.67	2.11	6.279999999999999	114.34	318.16	4.5	15.0	0.0709	0.0142	19.0	44.0	54.5	104.6	2.1	5.4	585.0	893.0	21.0	30.0
chr12	112043094	112043095	A	C	ENST00000261745.9	1	972	protein_coding	ENSG00000111300	missense	S/R	789	NAA25	ENST00000261745.9:c.2367T>G	ENSP00000261745.4:p.Ser789Arg	DRB1*04:05	15	3	13	FYLVNDIYELDTRGL	FYLVNDIYELDTSGL	NNalign	115.8	83.3	0.719	NNalign	6.1	4.0	60	1.0	192	1.0	63	0.0	23.927	6.847	244.89	254.51	1.039	15.0	15.0	NA	NA	NA	NA	NA	NA	NA	NA	NA	NA	NA	NA	NA	NA	NA	NA	NA	NA	NA	NA	NA	NA	NA	NA	NA	NA	NA	NA	NA	NA	NA	NA	NA	NA	NA	NA	NA	NA	NA	NA	NA	NA	NA	NA	NA	NA	739.NAA25.ENST00000261745.9.missense.789S/R	-0.7142857142857144	1.0	False	False	False	0	False	0	195.63	187.98	7.42	7.180000000000001	313.39	301.8	15.0	15.0	0.0116	0.0098	47.0	50.0	83.3	115.8	4.0	6.1	398.0	403.0	15.0	15.0
chr19	19336157	19336158	A	C	ENST00000262815.13	1	613	protein_coding	ENSG00000129933	missense	S/R	111	MAU2	ENST00000262815.13:c.331A>C	ENSP00000262815.9:p.Ser111Arg	DRB1*04:05	15	7	9	EDVKFEAARLLSELY	EDVKFEAASLLSELY	NetMHCIIpan	148.92	156.71	1.052	NetMHCIIpan	6.4	6.8	84	0.345	238	0.437	46	0.0	34.844	13.642	248.65	279.05	1.122	11.0	11.0	NA	NA	NA	NA	NA	NA	NA	NA	NA	NA	NA	NA	NA	NA	NA	NA	NA	NA	NA	NA	NA	NA	NA	NA	NA	NA	NA	NA	NA	NA	NA	NA	NA	NA	NA	NA	NA	NA	NA	NA	NA	NA	NA	NA	NA	NA	1031.MAU2.ENST00000262815.13.missense.111S/R	0.18571428571428567	0.8571428571428571	True	False	False	0	False	0	419.36	2082.36	13.04	32.11	156.71	148.92	6.8	6.4	0.1709	0.1602	9.9	11.0	205.1	232.3	11.0	13.0	353.0	265.0	13.0	9.6
chr19	17052841	17052842	C	G	ENST00000253669.10	1	410	protein_coding	ENSG00000131351	missense	K/N	304	HAUS8	ENST00000253669.10:c.912G>C	ENSP00000253669.4:p.Lys304Asn	DRB1*04:05	15	14	2	KNDLELRRSFAQVLE	KKDLELRRSFAQVLE	NNalign	101.7	94.0	0.924	MHCnuggetsII	4.49	2.41	115	0.548	98	0.602	109	0.009	10.348	6.2	267.705	259.0	0.967	16.0	16.0	NA	NA	NA	NA	NA	NA	NA	NA	NA	NA	NA	NA	NA	NA	NA	NA	NA	NA	NA	NA	NA	NA	NA	NA	NA	NA	NA	NA	NA	NA	NA	NA	NA	NA	NA	NA	NA	NA	NA	NA	NA	NA	NA	NA	NA	NA	1028.HAUS8.ENST00000253669.10.missense.304K/N	0.6857142857142858	0.6857142857142858	False	False	False	0	False	0	61.27	111.41	2.41	4.49	484.14	499.75	23.0	24.0	0.0139	0.0128	44.0	45.0	94.0	101.7	4.8	5.3	424.0	424.0	16.0	16.0
chr20	10054508	10054509	G	C	ENST00000378392.6	1	776	protein_coding	ENSG00000132623	missense	K/N	694	ANKEF1	ENST00000378392.6:c.2082G>C	ENSP00000367644.1:p.Lys694Asn	DRB1*04:05	15	3	13	SSIYGVPTTSEGNKV	SSIYGVPTTSEGKKV	NNalign	61.5	64.1	1.042	NetMHCIIpanEL	0.57	0.51	119	0.521	34	0.382	123	0.0	3.908	1.152	268.6	235.935	0.878	10.78	7.7	NA	NA	NA	NA	NA	NA	NA	NA	NA	NA	NA	NA	NA	NA	NA	NA	NA	NA	NA	NA	NA	NA	NA	NA	NA	NA	NA	NA	NA	NA	NA	NA	NA	NA	NA	NA	NA	NA	NA	NA	NA	NA	NA	NA	NA	NA	1060.ANKEF1.ENST00000378392.6.missense.694K/N	-1.2285714285714289	0.5714285714285714	False	False	False	0	False	0	299.46	318.06	10.31	10.78	172.41	219.14	7.7	11.0	0.8586	0.8409	0.51	0.57	64.1	61.5	2.6	2.5	479.0	479.0	18.0	18.0
chr9	37784015	37784016	T	A	ENST00000327304.10	1	275	protein_coding	ENSG00000107371	missense	K/N	124	EXOSC3	ENST00000327304.10:c.372A>T	ENSP00000323046.4:p.Lys124Asn	DRB1*04:05	15	5	11	GDHVIGIVTANSGDI	GDHVIGIVTAKSGDI	SMMalign	190.0	324.0	1.705	NetMHCIIpanEL	3.4	2.8	150	0.48	255	0.533	189	0.0	28.784	5.523	269.345	359.845	1.336	10.06	14.42	NA	NA	NA	NA	NA	NA	NA	NA	NA	NA	NA	NA	NA	NA	NA	NA	NA	NA	NA	NA	NA	NA	NA	NA	NA	NA	NA	NA	NA	NA	NA	NA	NA	NA	NA	NA	NA	NA	NA	NA	NA	NA	NA	NA	NA	NA	574.EXOSC3.ENST00000327304.10.missense.124K/N	-0.3714285714285714	2.585714285714286	False	False	False	0	False	0	489.18	289.39	14.42	10.06	363.59	477.38	17.0	23.0	0.5278	0.4758	2.8	3.4	356.1	249.3	18.0	14.0	324.0	190.0	12.0	6.5
chr12	889169	889170	C	G	ENST00000315939.11	1	2382	protein_coding	ENSG00000060237	missense	Q/E	1799	WNK1	ENST00000315939.11:c.5395C>G	ENSP00000313059.6:p.Gln1799Glu	DRB1*04:05	15	13	3	DAELRRTLSPEMITV	DAQLRRTLSPEMITV	SMMalign	180.0	181.0	1.006	SMMalign	6.1	6.1	106	0.604	593	0.7	104	0.01	97.46	6.797	278.575	205.845	0.739	15.0	11.0	NA	NA	NA	NA	NA	NA	NA	NA	NA	NA	NA	NA	NA	NA	NA	NA	NA	NA	NA	NA	NA	NA	NA	NA	NA	NA	NA	NA	NA	NA	NA	NA	NA	NA	NA	NA	NA	NA	NA	NA	NA	NA	NA	NA	NA	NA	722.WNK1.ENST00000315939.11.missense.1799Q/E	0.5714285714285714	0.5714285714285714	False	False	False	0	False	0	858.98	1434.28	20.23	26.69	229.29	276.75	11.0	13.0	0.042	0.0444	26.0	25.0	182.4	280.4	9.6	15.0	181.0	180.0	6.1	6.1
chr17	45119014	45119029	TAGACGGTCGTTGTTG	T	ENST00000619929.5	1	789	protein_coding	ENSG00000161714	inframe_del	SNNDRL/S	233-238	PLCD3	ENST00000619929.5:c.699_713del	ENSP00000479636.1:p.Asn234_Leu238del	HLA-B*45:01	9	4	6-7	KECDHSEGA	KECDHSNND	MHCflurry	45.391	4547.502	100.184	MHCflurry	0.017	2.114	34	0.941	64	1.0	79	0.0	26.946	3.769	287.61	6773.136	23.55	0.569	7.35	9.231531e-05	0.0021016903	2.818e-05	0.00095713086	0.0036737102782353	0.0132113762811059	0.0209560602766078	0.6603005209213872	11.6303260869565	0.5077173913043254	4547.502473283014	45.39130569656408	2.11425	0.01675	14539.91	1084.51	15.23	2.08	11855.31	811.69	8.2	1.2	8998.77	265.87	5.6	0.63	16611.65	442.95	6.5	0.36	0.00376	0.605	5.5	0.12	1765.99	309.35	5.7	0.7	3892.33	132.8	14.0	0.5	2498.16	214.6	9.2	0.9	978.PLCD3.ENST00000619929.5.inframe_del.233-238SNNDRL/S	-1.0142857142857145	-1.0142857142857145	False	False	False	1	False	0	NA	NA	NA	NA	NA	NA	NA	NA	NA	NA	NA	NA	NA	NA	NA	NA	NA	NA	NA	NA
chr18	80138228	80138229	G	T	ENST00000262198.9	1	1131	protein_coding	ENSG00000101544	missense	R/I	939	ADNP2	ENST00000262198.9:c.2816G>T	ENSP00000262198.3:p.Arg939Ile	DRB1*04:05	15	6	10	AIAVHLVRCISAPKD	AIAVHLVRCRSAPKD	NNalign	97.0	215.6	2.223	NNalign	5.0	12.0	19	1.0	122	0.959	46	0.0	19.521	10.673	293.62	748.35	2.549	13.0	24.0	NA	NA	NA	NA	NA	NA	NA	NA	NA	NA	NA	NA	NA	NA	NA	NA	NA	NA	NA	NA	NA	NA	NA	NA	NA	NA	NA	NA	NA	NA	NA	NA	NA	NA	NA	NA	NA	NA	NA	NA	NA	NA	NA	NA	NA	NA	992.ADNP2.ENST00000262198.9.missense.939R/I	-0.1428571428571428	2.442857142857143	False	False	False	1	False	0	810.7	262.24	19.58	9.34	1190.02	382.78	44.0	18.0	0.0219	0.0685	36.0	20.0	215.6	97.0	12.0	5.0	686.0	325.0	24.0	13.0
chr3	121697676	121697677	G	C	ENST00000393667.7	1	3269	protein_coding	ENSG00000173230	missense	A/G	949	GOLGB1	ENST00000393667.7:c.2846C>G	ENSP00000377275.3:p.Ala949Gly	DRB1*04:05	15	2	14	LKEQLNLLSRAEEGK	LKEQLNLLSRAEEAK	NNalign	199.8	159.9	0.8	MHCnuggetsII	9.67	8.48	72	1.0	307	0.967	97	0.0	45.429	7.783	320.36	297.71	0.929	14.0	14.0	NA	NA	NA	NA	NA	NA	NA	NA	NA	NA	NA	NA	NA	NA	NA	NA	NA	NA	NA	NA	NA	NA	NA	NA	NA	NA	NA	NA	NA	NA	NA	NA	NA	NA	NA	NA	NA	NA	NA	NA	NA	NA	NA	NA	NA	NA	244.GOLGB1.ENST00000393667.7.missense.949A/G	-2.1142857142857143	0.6285714285714284	False	False	False	0	False	0	231.42	274.72	8.48	9.67	556.05	750.49	26.0	33.0	0.1145	0.1187	14.0	14.0	159.9	199.8	8.5	11.0	364.0	366.0	14.0	14.0
chr5	145817966	145817967	A	G	ENST00000394450.6	1	148	protein_coding	ENSG00000186314	missense	C/R	70	PRELID2	ENST00000394450.6:c.208T>C	ENSP00000377965.2:p.Cys70Arg	DRB1*04:05	15	13	3	SHRLTWTQYASMKEE	SHCLTWTQYASMKEE	MHCnuggetsII	160.59	218.93	1.363	MHCnuggetsII	6.28	8.12	105	0.324	88	0.386	108	0.0	7.144	3.292	325.71	555.565	1.706	16.0	29.0	NA	NA	NA	NA	NA	NA	NA	NA	NA	NA	NA	NA	NA	NA	NA	NA	NA	NA	NA	NA	NA	NA	NA	NA	NA	NA	NA	NA	NA	NA	NA	NA	NA	NA	NA	NA	NA	NA	NA	NA	NA	NA	NA	NA	NA	NA	344.PRELID2.ENST00000394450.6.missense.70C/R	-1.3285714285714287	-0.21428571428571425	False	False	False	0	False	0	218.93	160.59	8.12	6.279999999999999	684.93	355.82	31.0	17.0	0.035	0.1701	29.0	10.0	426.2	295.6	20.0	16.0	1227.0	1132.0	38.0	36.0
chr3	172353066	172353067	C	T	ENST00000336824.8	1	1204	protein_coding	ENSG00000075420	missense	P/S	927	FNDC3B	ENST00000336824.8:c.2779C>T	ENSP00000338523.4:p.Pro927Ser	DRB1*04:05	15	4	12	NTTMHVMKDLLSETT	NTTMHVMKDLLPETT	NetMHCIIpan	241.27	599.91	2.486	NetMHCIIpanEL	2.4	5.5	59	0.356	928	0.317	73	0.0	92.076	3.087	334.75	702.15	2.098	12.0	28.0	NA	NA	NA	NA	NA	NA	NA	NA	NA	NA	NA	NA	NA	NA	NA	NA	NA	NA	NA	NA	NA	NA	NA	NA	NA	NA	NA	NA	NA	NA	NA	NA	NA	NA	NA	NA	NA	NA	NA	NA	NA	NA	NA	NA	NA	NA	280.FNDC3B.ENST00000336824.8.missense.927P/S	-0.2285714285714286	0.7857142857142856	False	False	False	0	True	0	1629.98	981.33	28.47	21.81	599.91	241.27	28.0	12.0	0.3216	0.5651	5.5	2.4	745.3	356.5	30.0	18.0	659.0	313.0	23.0	12.0
chr18	36067341	36067342	C	G	ENST00000399022.9	1	312	protein_coding	ENSG00000141425	missense	Q/H	21	RPRD1A	ENST00000399022.9:c.63G>C	ENSP00000381984.3:p.Gln21His	HLA-B*45:01	10	3	8	SELSNSQHSV	SELSNSQQSV	MHCflurry	80.202	81.051	1.011	NetMHCpanEL	0.12	0.15	278	0.417	602	0.5	142	0.007	57.249	17.082	368.845	354.64	0.961	0.43	0.415	0.0025420783	0.010870995	0.00018462373	0.0006096743	0.0209063840738963	0.0916841148864477	0.5321321447083721	0.5961280283018673	0.7532880434781362	0.6232880434781833	81.05132442119249	80.20212921706526	0.172625	0.169375	561.52	765.03	1.38	1.66	396.56	389.24	0.57	0.56	145.05	126.02	0.24	0.21	305.16	198.25	0.26	0.19	0.549	0.61	0.15	0.12	312.72	348.45	0.2	0.3	705.81	634.88	2.7	2.4	1083.75	1004.45	4.4	4.0	987.RPRD1A.ENST00000399022.9.missense.21Q/H	-1.2000000000000004	-1.2000000000000004	False	False	False	0	False	0	NA	NA	NA	NA	NA	NA	NA	NA	NA	NA	NA	NA	NA	NA	NA	NA	NA	NA	NA	NA
chr3	33053544	33053545	G	T	ENST00000307363.10	1	677	protein_coding	ENSG00000170266	missense	S/R	246	GLB1	ENST00000307363.10:c.738C>A	ENSP00000306920.4:p.Ser246Arg	DRB1*04:05	15	1	15	ALQGLYTTVDFGTGR	ALQGLYTTVDFGTGS	NNalign	330.0	336.1	1.018	SMMalign	14.0	14.0	169	0.314	782	0.253	139	0.0	77.589	35.859	374.26	387.84	1.036	18.0	19.0	NA	NA	NA	NA	NA	NA	NA	NA	NA	NA	NA	NA	NA	NA	NA	NA	NA	NA	NA	NA	NA	NA	NA	NA	NA	NA	NA	NA	NA	NA	NA	NA	NA	NA	NA	NA	NA	NA	NA	NA	NA	NA	NA	NA	NA	NA	222.GLB1.ENST00000307363.10.missense.246S/R	-0.3571428571428571	0.6571428571428573	False	False	False	0	False	0	3909.15	4734.24	42.65	46.29	404.68	377.52	19.0	18.0	0.0432	0.0523	26.0	23.0	336.1	330.0	17.0	17.0	371.0	371.0	14.0	14.0
chr1	27359862	27359863	T	G	ENST00000357582.3	1	1288	protein_coding	ENSG00000142733	missense	I/L	772	MAP3K6	ENST00000357582.3:c.2314A>C	ENSP00000350195.2:p.Ile772Leu	DRB1*04:05	15	15	1	LKGDNVLINTFSGLL	IKGDNVLINTFSGLL	MHCnuggetsII	293.99	358.83	1.221	MHCnuggetsII	10.18	11.73	127	0.26	295	0.315	76	0.0	32.59	8.08	374.83	376.065	1.003	18.0	18.0	NA	NA	NA	NA	NA	NA	NA	NA	NA	NA	NA	NA	NA	NA	NA	NA	NA	NA	NA	NA	NA	NA	NA	NA	NA	NA	NA	NA	NA	NA	NA	NA	NA	NA	NA	NA	NA	NA	NA	NA	NA	NA	NA	NA	NA	NA	11.MAP3K6.ENST00000357582.3.missense.772I/L	0.7142857142857143	1.4714285714285715	False	False	False	0	False	0	358.83	293.99	11.73	10.18	373.13	373.66	18.0	18.0	0.0147	0.0142	43.0	43.0	409.1	402.7	20.0	20.0	379.0	376.0	14.0	14.0
chr3	33053544	33053545	G	T	ENST00000307377.12	1	546	protein_coding	ENSG00000170266	missense	S/R	115	GLB1	ENST00000307377.12:c.345C>A	ENSP00000305920.8:p.Ser115Arg	DRB1*04:05	15	3	13	LSEWRASYNSAGRNI	LSEWRASYNSAGSNI	NNalign	151.9	114.6	0.754	NetMHCIIpanEL	3.2	3.9	169	0.314	782	0.253	139	0.0	77.589	1.226	375.06	404.78	1.079	12.0	15.0	NA	NA	NA	NA	NA	NA	NA	NA	NA	NA	NA	NA	NA	NA	NA	NA	NA	NA	NA	NA	NA	NA	NA	NA	NA	NA	NA	NA	NA	NA	NA	NA	NA	NA	NA	NA	NA	NA	NA	NA	NA	NA	NA	NA	NA	NA	223.GLB1.ENST00000307377.12.missense.115S/R	-0.9142857142857144	-0.45714285714285713	False	False	False	0	False	0	2200.54	886.49	32.95	20.61	303.56	240.12	15.0	12.0	0.4365	0.4821	3.9	3.2	114.6	151.9	6.0	8.0	506.0	510.0	19.0	19.0
chr11	62752450	62752451	G	A	ENST00000394807.5	1	524	protein_coding	ENSG00000185670	missense	S/F	405	ZBTB3	ENST00000394807.5:c.1214C>T	ENSP00000378286.4:p.Ser405Phe	DRB1*04:05	15	13	3	LSFEYEAAPGSFGVF	LSSEYEAAPGSFGVF	MHCnuggetsII	300.82	657.87	2.187	NetMHCIIpanEL	9.8	11.0	115	0.67	148	0.601	53	0.0	13.703	7.771	377.635	864.955	2.29	18.0	27.0	NA	NA	NA	NA	NA	NA	NA	NA	NA	NA	NA	NA	NA	NA	NA	NA	NA	NA	NA	NA	NA	NA	NA	NA	NA	NA	NA	NA	NA	NA	NA	NA	NA	NA	NA	NA	NA	NA	NA	NA	NA	NA	NA	NA	NA	NA	700.ZBTB3.ENST00000394807.5.missense.405S/F	0.9428571428571428	0.9428571428571428	False	False	False	0	False	0	657.87	300.82	17.330000000000002	10.35	1072.04	379.97	42.0	18.0	0.1616	0.173	11.0	9.8	622.7	375.3	27.0	19.0	2504.0	2138.0	57.0	53.0
chr8	38428419	38428420	G	A	ENST00000425967.8	1	828	protein_coding	ENSG00000077782	missense	S/L	125	FGFR1	ENST00000425967.8:c.374C>T	ENSP00000393312.4:p.Ser125Leu	DRB1*04:05	15	3	13	YFSVNVSDALPSLED	YFSVNVSDALPSSED	MHCnuggetsII	145.9	361.51	2.478	MHCnuggetsII	5.77	11.79	116	1.0	1501	0.999	147	0.0	143.964	11.709	378.795	459.775	1.214	19.0	21.0	NA	NA	NA	NA	NA	NA	NA	NA	NA	NA	NA	NA	NA	NA	NA	NA	NA	NA	NA	NA	NA	NA	NA	NA	NA	NA	NA	NA	NA	NA	NA	NA	NA	NA	NA	NA	NA	NA	NA	NA	NA	NA	NA	NA	NA	NA	503.FGFR1.ENST00000425967.8.missense.125S/L	-1.2688263138573217e-16	0.8857142857142858	False	False	False	0	False	0	361.51	145.9	11.79	5.7700000000000005	488.55	379.49	23.0	18.0	0.0928	0.0606	16.0	21.0	431.0	378.1	21.0	19.0	722.0	597.0	25.0	22.0
chr16	2295600	2295601	C	G	ENST00000301732.10	1	1704	protein_coding	ENSG00000167972	missense	E/D	801	ABCA3	ENST00000301732.10:c.2403G>C	ENSP00000301732.5:p.Glu801Asp	DRB1*04:05	15	5	11	GAELSFILPRDSTHR	GAELSFILPRESTHR	MHCnuggetsII	95.67	153.68	1.606	MHCnuggetsII	3.87	6.04	187	0.578	86	0.628	164	0.0	6.12	4.203	404.7	522.16	1.29	22.0	25.0	NA	NA	NA	NA	NA	NA	NA	NA	NA	NA	NA	NA	NA	NA	NA	NA	NA	NA	NA	NA	NA	NA	NA	NA	NA	NA	NA	NA	NA	NA	NA	NA	NA	NA	NA	NA	NA	NA	NA	NA	NA	NA	NA	NA	NA	NA	898.ABCA3.ENST00000301732.10.missense.801E/D	-2.685714285714286	1.7714285714285711	False	False	False	0	False	0	153.68	95.67	6.04	3.87	524.32	500.77	25.0	24.0	0.0325	0.0249	30.0	34.0	1135.2	489.4	38.0	22.0	520.0	320.0	19.0	12.0
chr1	179109009	179109010	T	C	ENST00000502732.6	1	1182	protein_coding	ENSG00000143322	missense	T/A	753	ABL2	ENST00000502732.6:c.2257A>G	ENSP00000427562.1:p.Thr753Ala	DRB1*04:05	15	5	11	GGWSGITGFFAPRLI	GGWSGITGFFTPRLI	NetMHCIIpan	216.62	165.66	0.765	NetMHCIIpan	10.0	7.4	153	0.373	28	0.429	138	0.0	50.587	17.08	412.15	297.0	0.721	17.67	12.25	NA	NA	NA	NA	NA	NA	NA	NA	NA	NA	NA	NA	NA	NA	NA	NA	NA	NA	NA	NA	NA	NA	NA	NA	NA	NA	NA	NA	NA	NA	NA	NA	NA	NA	NA	NA	NA	NA	NA	NA	NA	NA	NA	NA	NA	NA	76.ABL2.ENST00000502732.6.missense.753T/A	1.3714285714285712	1.4857142857142855	False	False	False	0	False	0	381.73	679.29	12.25	17.669999999999998	165.66	216.62	7.4	10.0	0.0303	0.0276	31.0	32.0	285.0	393.3	15.0	19.0	309.0	431.0	12.0	16.0
chr11	64320894	64320895	T	C	ENST00000352435.8	1	170	protein_coding	ENSG00000126432	missense	F/L	113	PRDX5	ENST00000352435.8:c.337T>C	ENSP00000335334.6:p.Phe113Leu	DRB1*04:05	15	2	14	CSKVRLLADPTGALG	CSKVRLLADPTGAFG	MHCnuggetsII	383.3	937.01	2.445	NetMHCIIpanEL	8.4	9.2	255	0.427	6089	0.439	124	0.0	580.692	10.599	419.225	472.35	1.127	17.0	21.25	NA	NA	NA	NA	NA	NA	NA	NA	NA	NA	NA	NA	NA	NA	NA	NA	NA	NA	NA	NA	NA	NA	NA	NA	NA	NA	NA	NA	NA	NA	NA	NA	NA	NA	NA	NA	NA	NA	NA	NA	NA	NA	NA	NA	NA	NA	711.PRDX5.ENST00000352435.8.missense.113F/L	-0.14285714285714293	0.7285714285714285	True	False	False	1	False	0	937.01	383.3	21.25	12.28	453.43	394.45	22.0	19.0	0.1894	0.211	9.2	8.4	478.7	444.7	22.0	21.0	466.0	444.0	17.0	17.0
chr2	31366060	31366061	G	C	ENST00000379416.4	1	1333	protein_coding	ENSG00000158125	missense	R/G	791	XDH	ENST00000379416.4:c.2371C>G	ENSP00000368727.3:p.Arg791Gly	DRB1*04:05	15	1	15	VAKMLGVPANRIVVG	VAKMLGVPANRIVVR	NetMHCIIpan	195.54	138.33	0.707	NetMHCIIpan	8.9	5.8	74	1.0	83	1.0	76	0.0	9.677	6.987	423.86	205.05	0.484	16.0	15.0	NA	NA	NA	NA	NA	NA	NA	NA	NA	NA	NA	NA	NA	NA	NA	NA	NA	NA	NA	NA	NA	NA	NA	NA	NA	NA	NA	NA	NA	NA	NA	NA	NA	NA	NA	NA	NA	NA	NA	NA	NA	NA	NA	NA	NA	NA	129.XDH.ENST00000379416.4.missense.791R/G	0.9	1.657142857142857	False	False	False	0	False	0	138.4	546.62	5.510000000000001	15.48	138.33	195.54	5.8	8.9	0.0797	0.0753	18.0	19.0	271.7	301.1	15.0	16.0	559.0	565.0	20.0	21.0
chr11	64320894	64320895	T	C	ENST00000265462.9	1	214	protein_coding	ENSG00000126432	missense	F/L	157	PRDX5	ENST00000265462.9:c.469T>C	ENSP00000265462.4:p.Phe157Leu	DRB1*04:05	15	2	14	EGKVRLLADPTGALG	EGKVRLLADPTGAFG	NetMHCIIpan	361.66	422.72	1.169	NetMHCIIpanEL	3.6	3.6	255	0.427	6089	0.439	124	0.0	580.692	549.853	428.705	500.7	1.168	16.0	20.0	NA	NA	NA	NA	NA	NA	NA	NA	NA	NA	NA	NA	NA	NA	NA	NA	NA	NA	NA	NA	NA	NA	NA	NA	NA	NA	NA	NA	NA	NA	NA	NA	NA	NA	NA	NA	NA	NA	NA	NA	NA	NA	NA	NA	NA	NA	709.PRDX5.ENST00000265462.9.missense.157F/L	-0.14285714285714293	0.6857142857142857	True	False	False	0	False	0	928.83	428.41	21.15	13.22	422.72	361.66	20.0	17.0	0.4642	0.4529	3.6	3.6	550.4	513.8	25.0	23.0	451.0	429.0	17.0	16.0
chr22	37631020	37631021	C	G	ENST00000381756.9	1	656	protein_coding	ENSG00000100083	missense	P/A	501	GGA1	ENST00000381756.9:c.1501C>G	ENSP00000371175.5:p.Pro501Ala	DRB1*04:05	15	2	14	SATSLLHTVSPEPAR	SATSLLHTVSPEPPR	NNalign	53.5	53.3	0.996	NNalign	2.1	2.0	236	0.436	386	0.435	81	0.012	51.482	1.209	447.795	532.46	1.189	18.0	14.5	NA	NA	NA	NA	NA	NA	NA	NA	NA	NA	NA	NA	NA	NA	NA	NA	NA	NA	NA	NA	NA	NA	NA	NA	NA	NA	NA	NA	NA	NA	NA	NA	NA	NA	NA	NA	NA	NA	NA	NA	NA	NA	NA	NA	NA	NA	1098.GGA1.ENST00000381756.9.missense.501P/A	-0.8571428571428571	0.9142857142857143	False	False	False	0	False	0	492.92	729.77	14.499999999999998	18.43	886.68	414.59	37.0	20.0	0.1084	0.1367	14.0	12.0	53.3	53.5	2.0	2.1	572.0	481.0	21.0	18.0
chr15	43149136	43149137	G	C	ENST00000260403.7	1	643	protein_coding	ENSG00000137842	missense	W/C	284	TMEM62	ENST00000260403.7:c.852G>C	ENSP00000260403.2:p.Trp284Cys	DRB1*04:05	15	15	1	CKDNRRYRIFAFDHD	WKDNRRYRIFAFDHD	NNalign	90.2	93.0	1.031	NNalign	4.5	4.8	75	0.96	39	1.0	83	0.0	3.179	1.366	454.995	700.005	1.538	33.0	32.0	NA	NA	NA	NA	NA	NA	NA	NA	NA	NA	NA	NA	NA	NA	NA	NA	NA	NA	NA	NA	NA	NA	NA	NA	NA	NA	NA	NA	NA	NA	NA	NA	NA	NA	NA	NA	NA	NA	NA	NA	NA	NA	NA	NA	NA	NA	852.TMEM62.ENST00000260403.7.missense.284W/C	0.24285714285714263	0.3714285714285714	True	False	False	1	False	0	680.18	149.28	17.69	5.89	719.83	760.71	32.0	33.0	0.0205	0.0203	37.0	37.0	93.0	90.2	4.8	4.5	1442.0	1439.0	42.0	42.0
chr20	4182496	4182497	C	A	ENST00000278795.7	1	532	protein_coding	ENSG00000088826	missense	Q/K	287	SMOX	ENST00000278795.7:c.859C>A	ENSP00000278795.3:p.Gln287Lys	DRB1*04:05	15	7	9	EPRGVLKRKYTSFFR	EPRGVLKRQYTSFFR	NNalign	268.3	78.3	0.292	MHCnuggetsII	12.6	12.85	100	0.6	456	0.539	108	0.0	34.52	2.954	489.005	312.79	0.64	21.0	12.85	NA	NA	NA	NA	NA	NA	NA	NA	NA	NA	NA	NA	NA	NA	NA	NA	NA	NA	NA	NA	NA	NA	NA	NA	NA	NA	NA	NA	NA	NA	NA	NA	NA	NA	NA	NA	NA	NA	NA	NA	NA	NA	NA	NA	NA	NA	1053.SMOX.ENST00000278795.7.missense.287Q/K	-0.8	-0.8	True	False	False	0	False	0	409.65	398.01	12.85	12.6	383.58	1512.33	18.0	51.0	0.0169	0.0012	41.0	87.0	78.3	268.3	3.6	14.0	242.0	580.0	8.6	21.0
chr20	4182496	4182497	C	A	ENST00000305958.9	1	555	protein_coding	ENSG00000088826	missense	Q/K	340	SMOX	ENST00000305958.9:c.1018C>A	ENSP00000307252.4:p.Gln340Lys	DRB1*04:05	15	7	9	VSLGVLKRKYTSFFR	VSLGVLKRQYTSFFR	NNalign	330.8	92.3	0.279	MHCnuggetsII	12.89	14.5	100	0.6	456	0.539	108	0.0	34.52	25.284	492.94	309.96	0.629	21.0	14.5	NA	NA	NA	NA	NA	NA	NA	NA	NA	NA	NA	NA	NA	NA	NA	NA	NA	NA	NA	NA	NA	NA	NA	NA	NA	NA	NA	NA	NA	NA	NA	NA	NA	NA	NA	NA	NA	NA	NA	NA	NA	NA	NA	NA	NA	NA	1054.SMOX.ENST00000305958.9.missense.340Q/K	-0.8	1.5571428571428572	False	False	False	0	False	0	492.95	411.88	14.499999999999998	12.89	385.92	1302.44	19.0	47.0	0.0091	0.0007	52.0	93.0	92.3	330.8	4.7	17.0	234.0	574.0	8.4	21.0
chr11	64320894	64320895	T	C	ENST00000347941.4	1	125	protein_coding	ENSG00000126432	missense	F/L	68	PRDX5	ENST00000347941.4:c.202T>C	ENSP00000335363.6:p.Phe68Leu	DRB1*04:05	15	3	13	IKVRLLADPTGALGK	IKVRLLADPTGAFGK	NetMHCIIpan	290.19	342.46	1.18	NetMHCIIpanEL	6.1	7.2	255	0.427	6089	0.439	124	0.0	580.692	20.24	498.04	891.8	1.791	14.0	25.93	NA	NA	NA	NA	NA	NA	NA	NA	NA	NA	NA	NA	NA	NA	NA	NA	NA	NA	NA	NA	NA	NA	NA	NA	NA	NA	NA	NA	NA	NA	NA	NA	NA	NA	NA	NA	NA	NA	NA	NA	NA	NA	NA	NA	NA	NA	710.PRDX5.ENST00000347941.4.missense.68F/L	-0.19999999999999993	1.385714285714286	False	False	False	0	False	0	1356.41	395.18	25.93	12.54	342.46	290.19	17.0	14.0	0.2436	0.2955	7.2	6.1	676.6	600.9	28.0	26.0	1107.0	1052.0	35.0	34.0
