left_peptide	left_partner_clip	spacer	right_partner_clip	right_peptide	junction_score	percentile	selected
ENOX1.ENST00000261488.10.FS.55C/CA_pos17_len9	0	HHHH	0	FAM129C.ENST00000335393.8.FS.291CG/C_pos7_len9	627.1	10.15	True
FAM129C.ENST00000335393.8.FS.291CG/C_pos15_len10	0	None	0	AFAP1.ENST00000420658.5.missense.798R/L_pos8_len8	642.77	10.85	True
FAM129C.ENST00000335393.8.FS.291CG/C_pos15_len10	0	HHHH	0	USP15.ENST00000280377.9.FS.345-346G/GT_pos11_len9	922.8	8.35	False
FAM129C.ENST00000335393.8.FS.291CG/C_pos15_len10	0	GGS	0	FAM129C.ENST00000335393.8.FS.291CG/C_pos7_len9	837.0	5.865	False
FAM129C.ENST00000335393.8.FS.291CG/C_pos7_len9	0	None	0	FAM129C.ENST00000335393.8.FS.291CG/C_pos15_len10	713.495	1.685	False
FAM129C.ENST00000335393.8.FS.291CG/C_pos7_len9	0	None	0	USP15.ENST00000280377.9.FS.345-346G/GT_pos11_len9	2191.79	4.51	True
FAM129C.ENST00000335393.8.FS.291CG/C_pos7_len9	0	None	0	AFAP1.ENST00000420658.5.missense.798R/L_pos8_len8	5994.15	10.35	False
USP15.ENST00000280377.9.FS.345-346G/GT_pos11_len9	0	GGS	0	FAM129C.ENST00000335393.8.FS.291CG/C_pos15_len10	713.495	1.685	True
USP15.ENST00000280377.9.FS.345-346G/GT_pos11_len9	0	GGS	0	FAM129C.ENST00000335393.8.FS.291CG/C_pos7_len9	580.595	3.8	False
USP15.ENST00000280377.9.FS.345-346G/GT_pos11_len9	0	GGS	0	AFAP1.ENST00000420658.5.missense.798R/L_pos8_len8	783.0	27.0	False
