Allele	Mutant peptide sequence	Score	Predicted mutant pMHC affinity	Variant allele RNA read count	Wildtype sequence	Predicted wildtype pMHC affinity	Gene name	Genomic variant
HLA-C*06:02	RKFSYRSTV	3.602910221	44.90 nM	1457	RKFSYRSRV	228.5788773	DDX3X	chrX g.41344255G>C
HLA-C*06:02	SYRSTVRPC	3.602910221	85.53 nM	1457	SYRSRVRPC	153.3440023	DDX3X	chrX g.41344255G>C
HLA-A*29:02	STVRPCVVY	3.602910221	115.78 nM	1457	SRVRPCVVY	3415.131825	DDX3X	chrX g.41344255G>C
HLA-C*06:02	YRSTVRPCV	3.602910221	208.58 nM	1457	YRSRVRPCV	548.3181491	DDX3X	chrX g.41344255G>C
HLA-C*06:02	RSTVRPCVV	3.602910221	1589.50 nM	1457	RSRVRPCVV	1348.951038	DDX3X	chrX g.41344255G>C
HLA-C*06:02	STVRPCVVY	3.602910221	2966.25 nM	1457	SRVRPCVVY	1102.5797	DDX3X	chrX g.41344255G>C
HLA-B*45:01	RKFSYRSTV	3.602910221	3326.48 nM	1457	RKFSYRSRV	7941.639945	DDX3X	chrX g.41344255G>C
HLA-B*45:01	AQFAERTVA	1.489573625	134.53 nM	2674	AEFAERTVA	29.80038255	TPM4	chr19 g.16093699G>C
HLA-B*45:01	AETRAQFAE	1.489573625	321.63 nM	2674	AETRAEFAE	418.3439228	TPM4	chr19 g.16093699G>C
HLA-B*45:01	KEAETRAQF	1.489573625	1241.20 nM	2674	KEAETRAEF	1098.707476	TPM4	chr19 g.16093699G>C
HLA-C*06:02	RAQFAERTV	1.489573625	1607.98 nM	2674	RAEFAERTV	3171.485995	TPM4	chr19 g.16093699G>C
HLA-B*45:01	EAETRAQFA	1.489573625	3719.07 nM	2674	EAETRAEFA	5025.395893	TPM4	chr19 g.16093699G>C
HLA-A*29:02	AMAFNLSRF	1.804660097	148.81 nM	370	ATAFNLSRF	528.7201279	ASMTL	chrX g.1419026G>A
HLA-C*06:02	TACQVAMAF	1.804660097	194.42 nM	370	TACQVATAF	158.2175455	ASMTL	chrX g.1419026G>A
HLA-C*06:02	KLTACQVAM	1.804660097	657.40 nM	370	KLTACQVAT	8676.429253	ASMTL	chrX g.1419026G>A
HLA-C*06:02	MAFNLSRFS	1.804660097	2570.13 nM	370	TAFNLSRFS	2752.077857	ASMTL	chrX g.1419026G>A
HLA-B*45:01	CQVAMAFNL	1.804660097	3316.06 nM	370	CQVATAFNL	2490.814173	ASMTL	chrX g.1419026G>A
HLA-A*29:02	TACQVAMAF	1.804660097	3718.46 nM	370	TACQVATAF	8444.476352	ASMTL	chrX g.1419026G>A
HLA-B*45:01	VENYSQNVA	2.535483315	104.40 nM	120	VEDYSQNVA	293.7501652	MSH6	chr2 g.47806320G>A
HLA-C*06:02	HYHSLVENY	2.535483315	104.73 nM	120	HYHSLVEDY	97.29545576	MSH6	chr2 g.47806320G>A
HLA-A*29:02	HYHSLVENY	2.535483315	266.64 nM	120	HYHSLVEDY	387.7106346	MSH6	chr2 g.47806320G>A
HLA-C*06:02	ENYSQNVAV	2.535483315	1295.51 nM	120	EDYSQNVAV	5739.266384	MSH6	chr2 g.47806320G>A
HLA-C*06:02	NYSQNVAVR	2.535483315	2172.81 nM	120	DYSQNVAVR	4019.625504	MSH6	chr2 g.47806320G>A
HLA-B*45:01	AERMGFTVV	1.110753323	32.61 nM	425	AERMGFTEV	50.26144854	ADAR	chr1 g.154590263T>A
HLA-C*06:02	MGFTVVTPV	1.110753323	648.86 nM	425	MGFTEVTPV	258.6704215	ADAR	chr1 g.154590263T>A
HLA-B*45:01	ERMGFTVVT	1.110753323	1706.10 nM	425	ERMGFTEVT	5352.472889	ADAR	chr1 g.154590263T>A
HLA-C*06:02	ERMGFTVVT	1.110753323	3557.04 nM	425	ERMGFTEVT	5964.834777	ADAR	chr1 g.154590263T>A
HLA-B*45:01	RELKLIINS	0.90623923	237.02 nM	524	PELKLIINS	4716.731205	DHX32	chr10 g.125859826G>C
HLA-C*06:02	ARRELKLII	0.90623923	615.96 nM	524	ARPELKLII	662.5893591	DHX32	chr10 g.125859826G>C
HLA-C*06:02	LARRELKLI	0.90623923	1372.52 nM	524	LARPELKLI	189.7700731	DHX32	chr10 g.125859826G>C
HLA-C*06:02	LLARRELKL	0.90623923	3250.51 nM	524	LLARPELKL	4737.775164	DHX32	chr10 g.125859826G>C
HLA-C*06:02	YSLPRAAAL	1.87478118	73.06 nM	99	HSLPRAAAL	371.6531775	TESK1	chr9 g.35609476C>T
HLA-B*45:01	AQYSLPRAA	1.87478118	113.18 nM	99	AQHSLPRAA	77.95562291	TESK1	chr9 g.35609476C>T
HLA-A*29:02	GEPWNRAQY	1.87478118	964.73 nM	99	GEPWNRAQH	13303.85342	TESK1	chr9 g.35609476C>T
HLA-C*06:02	AQYSLPRAA	1.87478118	2659.29 nM	99	AQHSLPRAA	4014.1895	TESK1	chr9 g.35609476C>T
HLA-B*45:01	QYSLPRAAA	1.87478118	2690.69 nM	99	QHSLPRAAA	901.6996504	TESK1	chr9 g.35609476C>T
HLA-B*45:01	RAQYSLPRA	1.87478118	3438.34 nM	99	RAQHSLPRA	4305.915134	TESK1	chr9 g.35609476C>T
HLA-A*29:02	VVFEYVAIY	2.555281522	20.83 nM	48	VVFEDVAIY	37.52031991	ZNF548	chr19 g.57397066G>T
HLA-A*29:02	VFEYVAIYF	2.555281522	172.66 nM	48	VFEDVAIYF	122.7867722	ZNF548	chr19 g.57397066G>T
HLA-C*06:02	VVFEYVAIY	2.555281522	452.72 nM	48	VVFEDVAIY	446.5820268	ZNF548	chr19 g.57397066G>T
HLA-B*45:01	FEYVAIYFS	2.555281522	565.86 nM	48	FEDVAIYFS	1127.624405	ZNF548	chr19 g.57397066G>T
HLA-B*45:01	GRVVFEYVA	2.555281522	696.66 nM	48	GRVVFEDVA	2526.1046	ZNF548	chr19 g.57397066G>T
HLA-A*29:02	TQGRVVFEY	2.555281522	800.73 nM	48	TQGRVVFED	32241.49028	ZNF548	chr19 g.57397066G>T
HLA-A*29:02	YVAIYFSQE	2.555281522	3715.44 nM	48	DVAIYFSQE	18780.26188	ZNF548	chr19 g.57397066G>T
HLA-C*06:02	VFEYVAIYF	2.555281522	3765.47 nM	48	VFEDVAIYF	810.1706638	ZNF548	chr19 g.57397066G>T
HLA-A*29:02	ILLHPWFEF	1.695914262	122.56 nM	98	ILLHPWFES	7594.745181	TRIB1	chr8 g.125436371C>T
HLA-A*29:02	FEFVLEPGY	1.695914262	203.91 nM	98	FESVLEPGY	271.8917693	TRIB1	chr8 g.125436371C>T
HLA-C*06:02	LLHPWFEFV	1.695914262	1729.22 nM	98	LLHPWFESV	346.6233889	TRIB1	chr8 g.125436371C>T
HLA-A*29:02	LLHPWFEFV	1.695914262	3161.05 nM	98	LLHPWFESV	9490.740443	TRIB1	chr8 g.125436371C>T
HLA-A*29:02	MASVDLKTY	1.133292546	197.25 nM	218	MASVDFKTY	116.6318686	NXT1	chr20 g.23354059C>G
HLA-C*06:02	MASVDLKTY	1.133292546	478.36 nM	218	MASVDFKTY	812.873609	NXT1	chr20 g.23354059C>G
HLA-C*06:02	ASVDLKTYV	1.133292546	1607.16 nM	218	ASVDFKTYV	1417.461466	NXT1	chr20 g.23354059C>G
HLA-C*06:02	FIFTWCLQI	1.902762381	169.96 nM	74	FIFTWCLEI	184.120661	MTRR	chr5 g.7886680G>C
HLA-A*29:02	FIFTWCLQI	1.902762381	194.67 nM	74	FIFTWCLEI	250.8987576	MTRR	chr5 g.7886680G>C
HLA-C*06:02	TWCLQIRAI	1.902762381	537.42 nM	74	TWCLEIRAI	585.9480489	MTRR	chr5 g.7886680G>C
HLA-A*29:02	QFIFTWCLQ	1.902762381	1137.83 nM	74	QFIFTWCLE	2808.147732	MTRR	chr5 g.7886680G>C
HLA-A*29:02	FTWCLQIRA	1.902762381	3227.57 nM	74	FTWCLEIRA	4035.024712	MTRR	chr5 g.7886680G>C
HLA-A*29:02	ILLHPWFEF	1.695914262	122.56 nM	93	ILLHPWFES	7594.745181	TRIB1	chr8 g.125436371CC>TT
HLA-A*29:02	FEFVLEPGY	1.695914262	203.91 nM	93	FESVLEPGY	271.8917693	TRIB1	chr8 g.125436371CC>TT
HLA-C*06:02	LLHPWFEFV	1.695914262	1729.22 nM	93	LLHPWFESV	346.6233889	TRIB1	chr8 g.125436371CC>TT
HLA-A*29:02	LLHPWFEFV	1.695914262	3161.05 nM	93	LLHPWFESV	9490.740443	TRIB1	chr8 g.125436371CC>TT
HLA-B*45:01	GELLLVSAA	0.987565069	19.97 nM	249	GELLLV		C19orf48	chr19 g.50798096C>G
HLA-A*29:02	WFDLLKHIF	1.590328039	163.51 nM	89	WFDLLKDIF	2081.42089	VPS54	chr2 g.63942506C>G
HLA-C*06:02	QWFDLLKHI	1.590328039	241.45 nM	89	QWFDLLKDI	253.1330979	VPS54	chr2 g.63942506C>G
HLA-A*29:02	HIFSKFTIF	1.590328039	1665.78 nM	89	DIFSKFTIF	3801.751064	VPS54	chr2 g.63942506C>G
HLA-C*06:02	LLKHIFSKF	1.590328039	1858.00 nM	89	LLKDIFSKF	1125.998051	VPS54	chr2 g.63942506C>G
HLA-A*29:02	LLKHIFSKF	1.590328039	2143.20 nM	89	LLKDIFSKF	1770.648394	VPS54	chr2 g.63942506C>G
HLA-C*06:02	HIFSKFTIF	1.590328039	2456.40 nM	89	DIFSKFTIF	4924.345509	VPS54	chr2 g.63942506C>G
HLA-A*29:02	QWFDLLKHI	1.590328039	3462.89 nM	89	QWFDLLKDI	4719.005672	VPS54	chr2 g.63942506C>G
HLA-A*29:02	PQWFDLLKH	1.590328039	3503.00 nM	89	PQWFDLLKD	26154.9323	VPS54	chr2 g.63942506C>G
HLA-B*45:01	SELSNSQHS	0.849381379	344.24 nM	303	SELSNSQQS	318.4233344	RPRD1A	chr18 g.36067342C>G
HLA-B*45:01	SQHSVQTLS	0.849381379	504.78 nM	303	SQQSVQTLS	526.6832846	RPRD1A	chr18 g.36067342C>G
HLA-C*06:02	NSQHSVQTL	0.849381379	1333.24 nM	303	NSQQSVQTL	1076.587333	RPRD1A	chr18 g.36067342C>G
HLA-C*06:02	QHSVQTLSL	0.849381379	1479.61 nM	303	QQSVQTLSL	2675.122158	RPRD1A	chr18 g.36067342C>G
HLA-C*06:02	ELSNSQHSV	0.849381379	1978.65 nM	303	ELSNSQQSV	2672.299479	RPRD1A	chr18 g.36067342C>G
HLA-C*06:02	HSVQTLSLW	0.849381379	3651.90 nM	303	QSVQTLSLW	4689.895086	RPRD1A	chr18 g.36067342C>G
HLA-A*29:02	FLALDAPQH	0.69146008	269.95 nM	448	FLALDASQH	383.9042349	TXNDC15	chr5 g.134893642T>C
HLA-A*29:02	HFLALDAPQ	0.69146008	2198.28 nM	448	HFLALDASQ	3026.609605	TXNDC15	chr5 g.134893642T>C
HLA-A*29:02	IVCADADLY	1.566169368	109.95 nM	82	IVCADADLD	23800.24557	ALDH1A3	chr15 g.100900577G>T
HLA-C*06:02	VCADADLYL	1.566169368	299.91 nM	82	VCADADLDL	718.3311328	ALDH1A3	chr15 g.100900577G>T
HLA-B*45:01	ADADLYLAV	1.566169368	1001.15 nM	82	ADADLDLAV	3930.79975	ALDH1A3	chr15 g.100900577G>T
HLA-A*29:02	LYLAVECAH	1.566169368	1765.30 nM	82	LDLAVECAH	14673.39817	ALDH1A3	chr15 g.100900577G>T
HLA-B*45:01	CADADLYLA	1.566169368	2580.76 nM	82	CADADLDLA	7528.473289	ALDH1A3	chr15 g.100900577G>T
HLA-B*45:01	ADLYLAVEC	1.566169368	2933.58 nM	82	ADLDLAVEC	4166.823085	ALDH1A3	chr15 g.100900577G>T
HLA-B*45:01	RKWKLKLIA	0.654780341	428.04 nM	429	RKWKLNLIA	805.2494555	SURF1	chr9 g.133354715G>C
HLA-C*06:02	RRKWKLKLI	0.654780341	536.97 nM	429	RRKWKLNLI	811.118878	SURF1	chr9 g.133354715G>C
HLA-C*06:02	QRRKWKLKL	0.654780341	1419.86 nM	429	QRRKWKLNL	1063.179285	SURF1	chr9 g.133354715G>C
HLA-C*06:02	WKLKLIAEL	0.654780341	2608.14 nM	429	WKLNLIAEL	1702.419592	SURF1	chr9 g.133354715G>C
HLA-C*06:02	VKFEAARLL	1.124362079	68.07 nM	107	VKFEAASLL	117.1344763	MAU2	chr19 g.19336158A>C
HLA-A*29:02	AARLLSELY	1.124362079	601.64 nM	107	AASLLSELY	174.7500134	MAU2	chr19 g.19336158A>C
HLA-C*06:02	EAARLLSEL	1.124362079	2361.58 nM	107	EAASLLSEL	1204.535956	MAU2	chr19 g.19336158A>C
HLA-B*45:01	ADFRDCLAA	0.813981725	419.19 nM	167	ADFRDCRAA	1046.053601	FARP1	chr13 g.98431278G>T
HLA-C*06:02	DFRDCLAAL	0.813981725	439.35 nM	167	DFRDCRAAL	243.7204185	FARP1	chr13 g.98431278G>T
HLA-C*06:02	SHADFRDCL	0.813981725	3427.26 nM	167	SHADFRDCR	18188.13674	FARP1	chr13 g.98431278G>T
HLA-B*45:01	EKWKLLTPA	1.067953732	261.95 nM	89	EEWKLLTPA	16.42927051	ZNF25	chr10 g.37957501C>T
HLA-C*06:02	FTKEKWKLL	1.067953732	455.64 nM	89	FTKEEWKLL	430.3792441	ZNF25	chr10 g.37957501C>T
HLA-C*06:02	TRIMNQRVL	0.927259915	95.28 nM	118	TRMMNQRVL	35.72947194	SLC25A30	chr13 g.45399009C>T
HLA-C*06:02	VDVVRTRIM	0.927259915	3517.29 nM	118	VDVVRTRMM	3048.078447	SLC25A30	chr13 g.45399009C>T
HLA-C*06:02	MKSADVVKL	0.520826277	365.73 nM	322	MKSADVEKL	822.694169	TIPRL	chr1 g.168179178A>T
HLA-C*06:02	VKLADELHM	0.520826277	1389.48 nM	322	EKLADELHM	2243.923583	TIPRL	chr1 g.168179178A>T
HLA-B*45:01	QENWFYFEA	1.980553937	16.21 nM	22	QEHWFYFEA	18.16812255	ADPRHL1	chr13 g.113425168G>T
HLA-A*29:02	EYQENWFYF	1.980553937	340.64 nM	22	EYQEHWFYF	354.3200456	ADPRHL1	chr13 g.113425168G>T
HLA-A*29:02	AEYQENWFY	1.980553937	533.10 nM	22	AEYQEHWFY	271.4782031	ADPRHL1	chr13 g.113425168G>T
HLA-B*45:01	AEYQENWFY	1.980553937	599.57 nM	22	AEYQEHWFY	393.3930985	ADPRHL1	chr13 g.113425168G>T
HLA-A*29:02	NWFYFEAKW	1.980553937	1559.74 nM	22	HWFYFEAKW	1456.698637	ADPRHL1	chr13 g.113425168G>T
HLA-C*06:02	EYQENWFYF	1.980553937	2687.63 nM	22	EYQEHWFYF	3181.425943	ADPRHL1	chr13 g.113425168G>T
HLA-C*06:02	NWFYFEAKW	1.980553937	3730.15 nM	22	HWFYFEAKW	3015.946118	ADPRHL1	chr13 g.113425168G>T
HLA-B*45:01	QENGMQSAS	1.04773502	45.86 nM	78	QENGMESAS	79.03278915	SIX4	chr14 g.60724008C>G
HLA-B*45:01	KQENGMQSA	1.04773502	734.70 nM	78	KQENGMESA	975.6688048	SIX4	chr14 g.60724008C>G
HLA-B*45:01	QSASEGQEA	1.04773502	3091.61 nM	78	ESASEGQEA	6119.917386	SIX4	chr14 g.60724008C>G
HLA-A*29:02	ALGWEFLAF	0.777320444	216.71 nM	124	ALGWEFLAS	10960.35196	PANX2	chr22 g.50177152C>T
HLA-C*06:02	AFTRLTSEL	0.777320444	2660.89 nM	124	ASTRLTSEL	6101.337874	PANX2	chr22 g.50177152C>T
HLA-A*29:02	FLAFTRLTS	0.777320444	2784.43 nM	124	FLASTRLTS	3515.530528	PANX2	chr22 g.50177152C>T
HLA-B*45:01	AELRRTLSP	0.422199915	420.33 nM	415	AQLRRTLSP	2800.218619	WNK1	chr12 g.889170C>G
HLA-B*45:01	SEKKAVIVK	0.49647191	386.74 nM	293	SKKKAVIVK	6972.79339	ATRX	chrX g.77681733T>C
HLA-C*06:02	TSSEKKAVI	0.49647191	998.24 nM	293	TSSKKKAVI	3440.434887	ATRX	chrX g.77681733T>C
HLA-C*06:02	RTSSEKKAV	0.49647191	1519.44 nM	293	RTSSKKKAV	1607.886358	ATRX	chrX g.77681733T>C
HLA-A*29:02	MHQICVLQY	0.949010606	71.24 nM	78	MHQICVLHY	92.51084487	CREBBP	chr16 g.3745300G>C
HLA-C*06:02	MHQICVLQY	0.949010606	2166.47 nM	78	MHQICVLHY	2582.285212	CREBBP	chr16 g.3745300G>C
HLA-B*45:01	LQYDIIWPS	0.949010606	2360.47 nM	78	LHYDIIWPS	6598.634905	CREBBP	chr16 g.3745300G>C
HLA-C*06:02	IAVHLVRCI	0.758741363	228.81 nM	117	IAVHLVRCR	5911.88638	ADNP2	chr18 g.80138229G>T
HLA-C*06:02	ELHPRITQL	0.57563178	335.14 nM	189	ELHPRIKQL	175.0602357	TRPM7	chr15 g.50643417T>G
HLA-C*06:02	LHPRITQLL	0.57563178	2871.07 nM	189	LHPRIKQLL	6316.965318	TRPM7	chr15 g.50643417T>G
HLA-B*45:01	SEVDPKVVS	0.781381174	218.84 nM	93	SEVDPKLVS	349.8890727	SMARCAL1	chr2 g.216428742C>G
HLA-C*06:02	KVVSNLMPF	0.781381174	1101.04 nM	93	KLVSNLMPF	925.1969021	SMARCAL1	chr2 g.216428742C>G
HLA-A*29:02	KVVSNLMPF	0.781381174	3144.94 nM	93	KLVSNLMPF	2719.88194	SMARCAL1	chr2 g.216428742C>G
HLA-A*29:02	EPLYLSFEY	0.773994988	218.93 nM	89	EPLYLSSEY	1628.065126	ZBTB3	chr11 g.62752451G>A
HLA-A*29:02	LHEPLYLSF	0.773994988	1971.11 nM	89	LHEPLYLSS	21285.98774	ZBTB3	chr11 g.62752451G>A
HLA-B*45:01	FEYEAAPGS	0.773994988	2050.36 nM	89	SEYEAAPGS	103.8870501	ZBTB3	chr11 g.62752451G>A
HLA-A*29:02	LYLSFEYEA	0.773994988	3742.56 nM	89	LYLSSEYEA	5905.618407	ZBTB3	chr11 g.62752451G>A
HLA-C*06:02	VLNEHKKIY	1.174000875	291.16 nM	33	VLNEHKKIH	3435.971683	ZNF141	chr4 g.373602C>T
HLA-B*45:01	NEHKKIYTG	1.174000875	368.16 nM	33	NEHKKIHTG	655.7250905	ZNF141	chr4 g.373602C>T
HLA-A*29:02	VLNEHKKIY	1.174000875	1193.22 nM	33	VLNEHKKIH	10977.01474	ZNF141	chr4 g.373602C>T
HLA-C*06:02	AYLECLQNV	0.916751026	106.00 nM	48	AYLECLQNL	91.95860627	SUSD4	chr1 g.223264672G>C
HLA-C*06:02	YLECLQNVI	0.916751026	2573.98 nM	48	YLECLQNLI	3134.811326	SUSD4	chr1 g.223264672G>C
HLA-A*29:02	MAIFGGGRY	1.003473561	20.82 nM	39	MPIFGGGRY	115.115431	EDRF1	chr10 g.125729433C>G
HLA-C*06:02	MLVGSNMAI	1.003473561	979.04 nM	39	MLVGSNMPI	1008.602315	EDRF1	chr10 g.125729433C>G
HLA-C*06:02	LVGSNMAIF	1.003473561	1695.67 nM	39	LVGSNMPIF	2690.78964	EDRF1	chr10 g.125729433C>G
HLA-A*29:02	LVGSNMAIF	1.003473561	2000.87 nM	39	LVGSNMPIF	2816.542127	EDRF1	chr10 g.125729433C>G
HLA-A*29:02	SIFEKHQVY	0.892021396	129.46 nM	47	SIFVIFEKH	1834.488137	PARP12	chr7 g.140024673_140024681delCAAAGATCA
HLA-C*06:02	SIFEKHQVY	0.892021396	1785.04 nM	47	SIFVIFEKH	19809.92034	PARP12	chr7 g.140024673_140024681delCAAAGATCA
HLA-A*29:02	DLANIHSEY	1.030538479	91.98 nM	35	DLANIRSEY	290.0160827	SETD6	chr16 g.58516555G>A
HLA-C*06:02	IHSEYQSIV	1.030538479	696.51 nM	35	IRSEYQSIV	106.1646709	SETD6	chr16 g.58516555G>A
HLA-C*06:02	NIHSEYQSI	1.030538479	1385.55 nM	35	NIRSEYQSI	3348.475658	SETD6	chr16 g.58516555G>A
HLA-A*29:02	SLGVLKRKY	0.364648852	454.59 nM	248	SLGVLKRQY	292.4918504	SMOX	chr20 g.4182497C>A
HLA-C*06:02	LKRKYTSFF	0.364648852	3140.47 nM	248	LKRQYTSFF	946.0563516	SMOX	chr20 g.4182497C>A
HLA-A*29:02	STLKKTTTY	0.645009268	304.11 nM	78	SKGIMEEDE	35320.37096	JUP	chr17 g.41771695_41771736delTGTACTGGCGCCCGCAGGCCTCATCCTCCTCCATGATGCCCT
HLA-C*06:02	CVPSVSSTL	0.645009268	1033.08 nM	78	CVPSVSSKG	24767.74716	JUP	chr17 g.41771695_41771736delTGTACTGGCGCCCGCAGGCCTCATCCTCCTCCATGATGCCCT
HLA-C*06:02	TCVPSVSST	0.645009268	1307.62 nM	78	TCVPSVSSK	4554.410039	JUP	chr17 g.41771695_41771736delTGTACTGGCGCCCGCAGGCCTCATCCTCCTCCATGATGCCCT
HLA-C*06:02	STLKKTTTY	0.645009268	2561.30 nM	78	SKGIMEEDE	32834.79919	JUP	chr17 g.41771695_41771736delTGTACTGGCGCCCGCAGGCCTCATCCTCCTCCATGATGCCCT
HLA-C*06:02	EVHPDVKCV	0.727740816	248.22 nM	61	EVHPEVKCV	281.1082854	C8orf76	chr8 g.123220247C>A
HLA-C*06:02	FWNKKKSMI	0.298416687	504.66 nM	334	FWKKKKSMI	480.8166527	CLPTM1L	chr5 g.1331836C>A
HLA-C*06:02	SFWNKKKSM	0.298416687	1052.55 nM	334	SFWKKKKSM	1518.365572	CLPTM1L	chr5 g.1331836C>A
HLA-C*06:02	VSFEEINKY	1.441433698	312.97 nM	14	VSFEEIKKY	181.353689	COL19A1	chr6 g.70190344G>C
HLA-A*29:02	VSFEEINKY	1.441433698	404.04 nM	14	VSFEEIKKY	418.478491	COL19A1	chr6 g.70190344G>C
HLA-C*06:02	SFEEINKYI	1.441433698	535.54 nM	14	SFEEIKKYI	593.5729176	COL19A1	chr6 g.70190344G>C
HLA-C*06:02	NKYINQEVL	1.441433698	653.54 nM	14	KKYINQEVL	319.3070762	COL19A1	chr6 g.70190344G>C
HLA-B*45:01	HESLITGEA	0.800912994	200.74 nM	39	DESLITGEA	607.6132891	ATP7A	chrX g.78015863G>C
HLA-C*06:02	HSMVHESLI	0.800912994	1930.81 nM	39	HSMVDESLI	3549.358426	ATP7A	chrX g.78015863G>C
HLA-C*06:02	YYQSSETRL	0.285741608	515.69 nM	195	YYQSPETRL	569.8895244	ASMTL	chrX g.1419096G>A
HLA-A*29:02	QSSETRLRF	0.285741608	1024.26 nM	195	QSPETRLRF	3487.09955	ASMTL	chrX g.1419096G>A
HLA-B*45:01	SETRLRFMR	0.285741608	1473.75 nM	195	PETRLRFMR	15873.70901	ASMTL	chrX g.1419096G>A
HLA-C*06:02	DAYYQSSET	0.285741608	3534.80 nM	195	DAYYQSPET	7183.04642	ASMTL	chrX g.1419096G>A
HLA-C*06:02	AYYQSSETR	0.285741608	3645.10 nM	195	AYYQSPETR	3503.049991	ASMTL	chrX g.1419096G>A
HLA-C*06:02	RRLHLPRHV	0.615187931	318.81 nM	33	RRLHLPGHV	1552.868947	SZT2	chr1 g.43432296G>C
HLA-C*06:02	LHLPRHVLL	0.615187931	1068.99 nM	33	LHLPGHVLL	1334.391143	SZT2	chr1 g.43432296G>C
HLA-C*06:02	RLHLPRHVL	0.615187931	1419.98 nM	33	RLHLPGHVL	1736.079767	SZT2	chr1 g.43432296G>C
HLA-C*06:02	YALKQSSIF	0.25633687	528.15 nM	174	YALKQSSIL	364.8091164	ZNF277	chr7 g.112342711G>C
HLA-C*06:02	SSIFNQLLL	0.25633687	2468.79 nM	174	SSILNQLLL	3193.862	ZNF277	chr7 g.112342711G>C
HLA-A*29:02	SSIFNQLLL	0.25633687	2535.08 nM	174	SSILNQLLL	7084.239097	ZNF277	chr7 g.112342711G>C
HLA-A*29:02	YALKQSSIF	0.25633687	3333.85 nM	174	YALKQSSIL	19542.83185	ZNF277	chr7 g.112342711G>C
HLA-C*06:02	KQSSIFNQL	0.25633687	3591.81 nM	174	KQSSILNQL	2723.200098	ZNF277	chr7 g.112342711G>C
HLA-C*06:02	FFKDMDALL	0.605398983	318.77 nM	30	FFEDMDALL	676.9148785	ZKSCAN2	chr16 g.25246938C>T
HLA-A*29:02	FFKDMDALL	0.605398983	1952.60 nM	30	FFEDMDALL	2055.379005	ZKSCAN2	chr16 g.25246938C>T
HLA-C*06:02	AFFKDMDAL	0.605398983	2323.78 nM	30	AFFEDMDAL	737.8334759	ZKSCAN2	chr16 g.25246938C>T
HLA-A*29:02	MLEPCAFFK	0.605398983	3368.43 nM	30	MLEPCAFFE	3984.891474	ZKSCAN2	chr16 g.25246938C>T
HLA-C*06:02	CAFFKDMDA	0.605398983	3470.40 nM	30	CAFFEDMDA	3925.907063	ZKSCAN2	chr16 g.25246938C>T
HLA-B*45:01	AELDGRCLS	0.469541526	393.48 nM	46	AELDGRCPS	220.7945403	PHF19	chr9 g.120858191G>A
HLA-B*45:01	RERKRPVKA	0.867673658	150.38 nM	13	RERERPVKA	191.8609442	IQCA1	chr2 g.236392011C>T
HLA-C*06:02	VDRERKRPV	0.867673658	2854.94 nM	13	VDRERERPV	2713.531933	IQCA1	chr2 g.236392011C>T
HLA-C*06:02	LLPDQATQL	0.257636808	527.16 nM	145	LFPDQATQL	365.7112908	MED14	chrX g.40655058G>T
HLA-B*45:01	LELLPDQAT	0.257636808	2224.09 nM	145	LELFPDQAT	2353.830791	MED14	chrX g.40655058G>T
HLA-B*45:01	QEQDEQLAS	1.694761465	83.75 nM	3	QEQEEQLAS	60.58677717	CCDC40	chr17 g.80086143G>C
HLA-B*45:01	DEQLASLDA	1.694761465	230.10 nM	3	EEQLASLDA	33.13189727	CCDC40	chr17 g.80086143G>C
HLA-B*45:01	TQEQDEQLA	1.694761465	1906.64 nM	3	TQEQEEQLA	2975.804283	CCDC40	chr17 g.80086143G>C
HLA-A*29:02	PMAEVQLCY	1.959638482	16.32 nM	2	PKAEVQLCY	1159.868053	AKAP6	chr14 g.32600791A>T
HLA-B*45:01	EEGTGSPMA	1.959638482	45.44 nM	2	EEGTGSPKA	57.99516934	AKAP6	chr14 g.32600791A>T
HLA-C*06:02	MAEVQLCYL	1.959638482	1921.58 nM	2	KAEVQLCYL	2741.274148	AKAP6	chr14 g.32600791A>T
HLA-A*29:02	CIAMNKYQH	1.017232181	288.07 nM	7	CIPMNKYQH	1317.249987	ZNF519	chr18 g.14106119G>C
HLA-A*29:02	AMNKYQHKF	1.017232181	459.27 nM	7	PMNKYQHKF	1191.202696	ZNF519	chr18 g.14106119G>C
HLA-C*06:02	AMNKYQHKF	1.017232181	3802.82 nM	7	PMNKYQHKF	8515.643845	ZNF519	chr18 g.14106119G>C
HLA-C*06:02	AAYSVVSGL	0.781042662	233.86 nM	10	AAYSVVSGN	6764.393726	HLA-F	chr6 g.29726903AA>CT
HLA-A*29:02	YSVVSGLLM	0.781042662	885.74 nM	10	YSVVSGNLM	4954.306045	HLA-F	chr6 g.29726903AA>CT
HLA-C*06:02	YSVVSGLLM	0.781042662	1661.73 nM	10	YSVVSGNLM	1436.796051	HLA-F	chr6 g.29726903AA>CT
HLA-C*06:02	SVVSGLLMI	0.781042662	1812.15 nM	10	SVVSGNLMI	1220.857652	HLA-F	chr6 g.29726903AA>CT
HLA-C*06:02	AYSVVSGLL	0.781042662	3229.11 nM	10	AYSVVSGNL	3904.378778	HLA-F	chr6 g.29726903AA>CT
HLA-C*06:02	FKSSSFCEV	0.340978715	469.43 nM	43	FKSSSSCEV	260.4193878	ZNF490	chr19 g.12580948G>A
HLA-C*06:02	EAFKSSSFC	0.340978715	2314.12 nM	43	EAFKSSSSC	1216.901089	ZNF490	chr19 g.12580948G>A
HLA-B*45:01	GEAFKSSSF	0.340978715	2628.52 nM	43	GEAFKSSSS	756.6389415	ZNF490	chr19 g.12580948G>A
HLA-B*45:01	GQMHAAISS	0.168049583	676.88 nM	164	GQMHAGISS	2144.086153	ARID1B	chr6 g.157133136G>C
HLA-C*06:02	QMHAAISSF	0.168049583	786.95 nM	164	QMHAGISSF	424.5335015	ARID1B	chr6 g.157133136G>C
HLA-A*29:02	QMHAAISSF	0.168049583	1836.68 nM	164	QMHAGISSF	1147.663377	ARID1B	chr6 g.157133136G>C
HLA-C*06:02	LAFTEKEVL	0.309871297	489.85 nM	40	LASTEKEVL	1379.039221	CEP85L	chr6 g.118491774G>A
HLA-B*45:01	FEQKLAFTE	0.309871297	1903.18 nM	40	FEQKLASTE	3848.339414	CEP85L	chr6 g.118491774G>A
HLA-B*45:01	GEFEQKLAF	0.309871297	2411.61 nM	40	GEFEQKLAS	562.8096691	CEP85L	chr6 g.118491774G>A
HLA-C*06:02	KLAFTEKEV	0.309871297	2479.38 nM	40	KLASTEKEV	1121.208488	CEP85L	chr6 g.118491774G>A
HLA-C*06:02	FTEKEVLQL	0.309871297	2606.04 nM	40	STEKEVLQL	5666.107506	CEP85L	chr6 g.118491774G>A
HLA-B*45:01	RERDAQILG	0.521738472	364.71 nM	14	RERDAQILR	1863.983749	JAKMIP3	chr10 g.132163377C>G
HLA-C*06:02	ILGERMELL	0.521738472	1729.78 nM	14	ILRERMELL	794.875294	JAKMIP3	chr10 g.132163377C>G
HLA-C*06:02	QILGERMEL	0.521738472	1992.79 nM	14	QILRERMEL	4166.195629	JAKMIP3	chr10 g.132163377C>G
HLA-B*45:01	GERMELLQL	0.521738472	3055.00 nM	14	RERMELLQL	2577.368891	JAKMIP3	chr10 g.132163377C>G
HLA-C*06:02	KFKQQLAAF	0.262925204	523.16 nM	54	EFKQQLAAF	831.0563037	TLN2	chr15 g.62819537G>A
HLA-B*45:01	PKFKQQLAA	0.262925204	3665.25 nM	54	PEFKQQLAA	494.6245231	TLN2	chr15 g.62819537G>A
HLA-A*29:02	KEIYAKLRY	0.764563499	435.14 nM	6	KEIDAKLRY	477.9663245	PCLO	chr7 g.82916603C>A
HLA-C*06:02	EIYAKLRYL	0.764563499	569.03 nM	6	EIDAKLRYL	3903.429777	PCLO	chr7 g.82916603C>A
HLA-B*45:01	DEEEKEIYA	0.764563499	648.92 nM	6	DEEEKEIDA	1565.720162	PCLO	chr7 g.82916603C>A
HLA-C*06:02	YAKLRYLEM	0.764563499	936.62 nM	6	DAKLRYLEM	8193.525679	PCLO	chr7 g.82916603C>A
HLA-B*45:01	EEEKEIYAK	0.764563499	1124.97 nM	6	EEEKEIDAK	3739.220141	PCLO	chr7 g.82916603C>A
HLA-B*45:01	EEKEIYAKL	0.764563499	1327.81 nM	6	EEKEIDAKL	3702.543421	PCLO	chr7 g.82916603C>A
HLA-A*29:02	IYAKLRYLE	0.764563499	2803.89 nM	6	IDAKLRYLE	15361.29057	PCLO	chr7 g.82916603C>A
HLA-A*29:02	SHRLTWTQY	0.298268752	498.50 nM	34	SHCLTWTQY	329.6432875	PRELID2	chr5 g.145817967A>G
HLA-C*06:02	HRLTWTQYA	0.298268752	1387.45 nM	34	HCLTWTQYA	2401.470474	PRELID2	chr5 g.145817967A>G
HLA-C*06:02	AIRSHRLTW	0.298268752	3023.42 nM	34	AIRSHCLTW	3872.308124	PRELID2	chr5 g.145817967A>G
HLA-C*06:02	SHRLTWTQY	0.298268752	3698.11 nM	34	SHCLTWTQY	4500.734065	PRELID2	chr5 g.145817967A>G
HLA-C*06:02	RTLQQARQL	0.098132982	711.78 nM	307	RTLEQARQL	455.7628987	MACF1	chr1 g.39429922G>C
HLA-B*45:01	LQQARQLAT	0.098132982	1089.29 nM	307	LEQARQLAT	142.1254765	MACF1	chr1 g.39429922G>C
HLA-C*06:02	ISYPQILIL	0.903310774	123.05 nM	3	ISYPQILTL	45.53676292	IL1R2	chr2 g.102015966C>T
HLA-C*06:02	FISYPQILI	0.903310774	1179.93 nM	3	FISYPQILT	10040.37932	IL1R2	chr2 g.102015966C>T
HLA-C*06:02	ILSTSGVLV	0.903310774	2116.76 nM	3	TLSTSGVLV	2292.72888	IL1R2	chr2 g.102015966C>T
HLA-A*29:02	FISYPQILI	0.903310774	2126.06 nM	3	FISYPQILT	5122.006533	IL1R2	chr2 g.102015966C>T
HLA-C*06:02	LILSTSGVL	0.903310774	2776.03 nM	3	LTLSTSGVL	2363.377298	IL1R2	chr2 g.102015966C>T
HLA-C*06:02	ILILSTSGV	0.903310774	2893.15 nM	3	ILTLSTSGV	5799.714823	IL1R2	chr2 g.102015966C>T
HLA-C*06:02	EMLGLSKTL	0.14364638	633.89 nM	91	EMLGLSKRL	2150.998674	CENPE	chr4 g.103145956C>G
HLA-B*45:01	IEMLGLSKT	0.14364638	2741.37 nM	91	IEMLGLSKR	9569.072735	CENPE	chr4 g.103145956C>G
HLA-C*06:02	VAQDQKKIL	0.833418635	177.97 nM	2	VAQDQEKIL	239.1273369	SYNE1	chr6 g.152325134C>T
HLA-C*06:02	AVAQDQKKI	0.833418635	1417.73 nM	2	AVAQDQEKI	3617.262318	SYNE1	chr6 g.152325134C>T
HLA-B*45:01	QKKILEDAV	0.833418635	2798.20 nM	2	QEKILEDAV	158.4808715	SYNE1	chr6 g.152325134C>T
HLA-B*45:01	KECDHSEGA	0.137201525	641.79 nM	65	ECDHSNNDR	26821.59647	PLCD3	chr17 g.45119015_45119029delAGACGGTCGTTGTTG
HLA-B*45:01	SEGAEIEEF	0.137201525	2436.25 nM	65	NNDRLEGAE	24462.76558	PLCD3	chr17 g.45119015_45119029delAGACGGTCGTTGTTG
HLA-B*45:01	ARQGARVAA	0.184203666	592.42 nM	31	AREGARVAA	935.3318189	SLC35E1	chr19 g.16572289C>G
HLA-B*45:01	GARQGARVA	0.184203666	1281.84 nM	31	GAREGARVA	1343.735606	SLC35E1	chr19 g.16572289C>G
HLA-C*06:02	RQGARVAAL	0.184203666	1671.00 nM	31	REGARVAAL	4414.16154	SLC35E1	chr19 g.16572289C>G
HLA-B*45:01	RQGARVAAL	0.184203666	1924.90 nM	31	REGARVAAL	220.9423298	SLC35E1	chr19 g.16572289C>G
HLA-C*06:02	GARQGARVA	0.184203666	3125.79 nM	31	GAREGARVA	2821.907809	SLC35E1	chr19 g.16572289C>G
HLA-C*06:02	EAVQKEKPI	0.039099637	844.69 nM	533	EAVQKEEPI	1612.572497	MAP7D1	chr1 g.36179728G>A
HLA-C*06:02	EAVQKEKPI	0.039099637	844.69 nM	531	AVQKEEPIP	26515.70044	MAP7D1	chr1 g.36179727GG>AA
HLA-C*06:02	EMADQGCLL	0.08945136	713.57 nM	94	EMADQGRLL	826.6038629	TRIO	chr5 g.14507135C>T
HLA-B*45:01	LEMADQGCL	0.08945136	1660.83 nM	94	LEMADQGRL	5125.203334	TRIO	chr5 g.14507135C>T
HLA-A*29:02	CLLDCVVRW	0.08945136	2134.45 nM	94	RLLDCVVRW	5678.018091	TRIO	chr5 g.14507135C>T
HLA-C*06:02	CLLDCVVRW	0.08945136	2365.67 nM	94	RLLDCVVRW	1884.720034	TRIO	chr5 g.14507135C>T
HLA-C*06:02	NLFNCECDL	0.295175389	506.04 nM	7	NPFNCECDL	2315.85221	ELFN2	chr22 g.37374978G>A
HLA-B*45:01	CELAGNLFN	0.295175389	1075.48 nM	7	CELAGNPFN	742.8520659	ELFN2	chr22 g.37374978G>A
HLA-A*29:02	LFNCECDLF	0.295175389	1800.15 nM	7	PFNCECDLF	3648.209873	ELFN2	chr22 g.37374978G>A
HLA-C*06:02	MVCELAGNL	0.295175389	1835.33 nM	7	MVCELAGNP	13529.05477	ELFN2	chr22 g.37374978G>A
HLA-C*06:02	MAMGFVGCL	0.032757042	903.77 nM	550	MAIGFVGCL	1115.346152	TSPAN4	chr11 g.862687C>G
HLA-C*06:02	ITGAFVMAM	0.032757042	1129.78 nM	550	ITGAFVMAI	1723.465751	TSPAN4	chr11 g.862687C>G
HLA-A*29:02	GAFVMAMGF	0.032757042	1845.73 nM	550	GAFVMAIGF	2201.43047	TSPAN4	chr11 g.862687C>G
HLA-C*06:02	GAFVMAMGF	0.032757042	3781.12 nM	550	GAFVMAIGF	4323.925388	TSPAN4	chr11 g.862687C>G
HLA-B*45:01	SEEGTAKLI	0.05558175	789.82 nM	183	AEEGTAKLI	481.7690564	GALK2	chr15 g.49282071G>T
HLA-C*06:02	LSEEGTAKL	0.05558175	1760.99 nM	183	LAEEGTAKL	521.4861134	GALK2	chr15 g.49282071G>T
HLA-C*06:02	WFRGTLSRV	0.155272923	620.45 nM	21	WFHGTLSRV	270.4484003	SH2B2	chr7 g.102317256A>G
HLA-A*29:02	ELSDYPWFR	0.155272923	1817.72 nM	21	ELSDYPWFH	82.01824119	SH2B2	chr7 g.102317256A>G
HLA-C*06:02	DYPWFRGTL	0.155272923	2326.30 nM	21	DYPWFHGTL	3545.123847	SH2B2	chr7 g.102317256A>G
HLA-C*06:02	FRGTLSRVK	0.155272923	3306.32 nM	21	FHGTLSRVK	10439.60494	SH2B2	chr7 g.102317256A>G
HLA-A*29:02	WFRGTLSRV	0.155272923	3590.23 nM	21	WFHGTLSRV	3155.610969	SH2B2	chr7 g.102317256A>G
HLA-C*06:02	SFKNFQACI	0.045072101	828.97 nM	241	SLKNFQACI	1914.255877	NSMCE2	chr8 g.125102411G>C
HLA-C*06:02	SALSSFKNF	0.045072101	1309.54 nM	241	SALSSLKNF	966.0305854	NSMCE2	chr8 g.125102411G>C
HLA-B*45:01	VESALSSFK	0.045072101	2682.50 nM	241	VESALSSLK	3452.040344	NSMCE2	chr8 g.125102411G>C
HLA-C*06:02	SSFKNFQAC	0.045072101	3528.63 nM	241	SSLKNFQAC	11057.15455	NSMCE2	chr8 g.125102411G>C
HLA-C*06:02	LLADPTGAL	0.012763604	1016.31 nM	2699	LLADPTGAF	1269.438189	PRDX5	chr11 g.64320895T>C
HLA-C*06:02	LGKETDLLL	0.012763604	2551.84 nM	2699	FGKETDLLL	1036.828343	PRDX5	chr11 g.64320895T>C
HLA-C*06:02	GALGKETDL	0.012763604	2823.41 nM	2699	GAFGKETDL	944.1948018	PRDX5	chr11 g.64320895T>C
HLA-C*06:02	FTPLNVHAI	0.443085692	408.38 nM	2	FTPLNVDAI	2337.6054	KCNQ3	chr8 g.132141243C>G
HLA-C*06:02	VKYVYKLII	0.044097392	826.03 nM	193	VKYVYKLTI	293.3713872	RGP1	chr9 g.35750918C>T
HLA-C*06:02	SVKYVYKLI	0.044097392	1930.77 nM	193	SVKYVYKLT	12706.78881	RGP1	chr9 g.35750918C>T
HLA-B*45:01	SKSAFMQFG	0.138955482	640.00 nM	14	SKSAFMEFG	1091.871639	DLX6	chr7 g.97006044G>C
HLA-A*29:02	FMQFGQQQQ	0.138955482	1573.56 nM	14	FMEFGQQQQ	2001.19274	DLX6	chr7 g.97006044G>C
HLA-A*29:02	AFMQFGQQQ	0.138955482	2578.02 nM	14	AFMEFGQQQ	2341.623955	DLX6	chr7 g.97006044G>C
HLA-A*29:02	SSKSAFMQF	0.138955482	3042.75 nM	14	SSKSAFMEF	4031.53875	DLX6	chr7 g.97006044G>C
HLA-B*45:01	KETRKLLVS	0.070798505	751.74 nM	48	KETRKSLVS	609.494947	CCDC7	chr10 g.32567833C>T
HLA-C*06:02	LEKETRKLL	0.070798505	1581.89 nM	48	LEKETRKSL	1114.290454	CCDC7	chr10 g.32567833C>T
HLA-B*45:01	AEFRTNRYL	0.193776036	582.42 nM	6	AEFQTNRYL	596.8006608	EN2	chr7 g.155462476A>G
HLA-C*06:02	AEFRTNRYL	0.193776036	1327.32 nM	6	AEFQTNRYL	478.332033	EN2	chr7 g.155462476A>G
HLA-A*29:02	KAEFRTNRY	0.193776036	3171.07 nM	6	KAEFQTNRY	2172.906275	EN2	chr7 g.155462476A>G
HLA-B*45:01	AEEGKKEQV	0.025313679	911.84 nM	298	AEEAKKEQV	311.931863	GOLGB1	chr3 g.121697677G>C
HLA-C*06:02	IWVWKTLNV	0.02464516	916.02 nM	302	MWVWKTLNV	743.2954712	TMEM18	chr2 g.669670C>T
HLA-A*29:02	MIIVVIWVW	0.02464516	2086.34 nM	302	MIIVVMWVW	1258.018628	TMEM18	chr2 g.669670C>T
HLA-C*06:02	VVIWVWKTL	0.02464516	2782.05 nM	302	VVMWVWKTL	1680.100942	TMEM18	chr2 g.669670C>T
HLA-B*45:01	TEHTYHQCG	0.288058071	515.80 nM	2	TEHTYHQGG	1331.952829	NPHS1	chr19 g.35841841C>A
HLA-C*06:02	TYHQCGVHS	0.288058071	1018.84 nM	2	TYHQGGVHS	1879.01899	NPHS1	chr19 g.35841841C>A
HLA-C*06:02	QCGVHSSLL	0.288058071	1253.96 nM	2	QGGVHSSLL	3280.711199	NPHS1	chr19 g.35841841C>A
HLA-C*06:02	HQCGVHSSL	0.288058071	2117.65 nM	2	HQGGVHSSL	3997.573875	NPHS1	chr19 g.35841841C>A
HLA-A*29:02	HTYHQCGVH	0.288058071	3032.57 nM	2	HTYHQGGVH	3975.289975	NPHS1	chr19 g.35841841C>A
HLA-C*06:02	CSYLNEASL	0.112180482	675.93 nM	13	CSYLHEASL	913.4990033	AMN1	chr12 g.31697922G>T
HLA-B*45:01	NEASLKRCC	0.112180482	1834.27 nM	13	HEASLKRCC	2499.617312	AMN1	chr12 g.31697922G>T
HLA-B*45:01	SSCSYLNEA	0.112180482	2798.73 nM	13	SSCSYLHEA	1987.316149	AMN1	chr12 g.31697922G>T
HLA-C*06:02	LRREETDSF	0.081224938	728.92 nM	17	LRREETDWF	2279.067543	PCLO	chr7 g.82908983C>G
HLA-B*45:01	EERAEMNQS	0.232387155	547.85 nM	2	EERAELNQS	822.5010594	AGER	chr6 g.32181196G>T
HLA-B*45:01	AEMNQSEEP	0.232387155	1408.78 nM	2	AELNQSEEP	2490.091689	AGER	chr6 g.32181196G>T
HLA-B*45:01	EEEERAEMN	0.232387155	3477.76 nM	2	EEEERAELN	3567.49538	AGER	chr6 g.32181196G>T
HLA-B*45:01	EEEEERAEM	0.232387155	3776.97 nM	2	EEEEERAEL	3439.492672	AGER	chr6 g.32181196G>T
HLA-A*29:02	MLGQPAHPH	0.184797077	589.49 nM	3	MLGQPARPH	2880.672088	NDUFS6	chr5 g.1814505G>A
HLA-C*06:02	MLGQPAHPH	0.184797077	3231.00 nM	3	MLGQPARPH	3169.203856	NDUFS6	chr5 g.1814505G>A
HLA-B*45:01	RELSPEDPG	0.028130241	895.62 nM	100	RELSPEGPG	847.3812968	SCRIB	chr8 g.143795430C>T
HLA-C*06:02	YYLLRLLSL	0.198106251	576.91 nM	2	YYLLSLLSL	811.896934	OR56A5	chr11 g.5968294G>C
HLA-C*06:02	LRLLSLLDI	0.198106251	1917.69 nM	2	LSLLSLLDI	5955.805301	OR56A5	chr11 g.5968294G>C
HLA-C*06:02	PLYYLLRLL	0.198106251	2009.37 nM	2	PLYYLLSLL	2828.02021	OR56A5	chr11 g.5968294G>C
HLA-C*06:02	YLLRLLSLL	0.198106251	2019.02 nM	2	YLLSLLSLL	1017.621059	OR56A5	chr11 g.5968294G>C
HLA-A*29:02	YLLRLLSLL	0.198106251	2942.46 nM	2	YLLSLLSLL	1083.489517	OR56A5	chr11 g.5968294G>C
HLA-A*29:02	YYLLRLLSL	0.198106251	3074.31 nM	2	YYLLSLLSL	1869.642181	OR56A5	chr11 g.5968294G>C
HLA-B*45:01	KEQRYQTGL	0.008548636	1077.26 nM	658	KEQRYQRGL	1792.613291	NUFIP2	chr17 g.29286060C>G
HLA-B*45:01	AKEQRYQTG	0.008548636	2067.24 nM	658	AKEQRYQRG	5986.347489	NUFIP2	chr17 g.29286060C>G
HLA-C*06:02	QRYQTGLER	0.008548636	2296.32 nM	658	QRYQRGLER	2961.068558	NUFIP2	chr17 g.29286060C>G
HLA-C*06:02	TLYRVPLLV	0.008484945	1115.63 nM	494	TLYRVPFLV	5544.268174	OSTC	chr4 g.108650682C>G
HLA-B*45:01	METLYRVPL	0.008484945	1309.01 nM	494	METLYRVPF	1169.131422	OSTC	chr4 g.108650682C>G
HLA-C*06:02	LYRVPLLVL	0.008484945	1908.56 nM	494	LYRVPFLVL	3271.062342	OSTC	chr4 g.108650682C>G
HLA-C*06:02	YRVPLLVLE	0.008484945	3029.26 nM	494	YRVPFLVLE	2083.492292	OSTC	chr4 g.108650682C>G
HLA-C*06:02	ETLYRVPLL	0.008484945	3201.17 nM	494	ETLYRVPFL	5607.945096	OSTC	chr4 g.108650682C>G
HLA-A*29:02	TLYRVPLLV	0.008484945	3384.09 nM	494	TLYRVPFLV	2408.651713	OSTC	chr4 g.108650682C>G
HLA-A*29:02	FLTPACARW	0.006507538	1118.48 nM	771	FLTPPCARW	1072.807462	STAT1	chr2 g.190982494G>C
HLA-C*06:02	SFFLTPACA	0.006507538	2157.60 nM	771	SFFLTPPCA	5209.296484	STAT1	chr2 g.190982494G>C
HLA-C*06:02	PACARWAQL	0.006507538	2188.04 nM	771	PPCARWAQL	13122.2045	STAT1	chr2 g.190982494G>C
HLA-C*06:02	FLTPACARW	0.006507538	3688.99 nM	771	FLTPPCARW	2369.88537	STAT1	chr2 g.190982494G>C
HLA-B*45:01	GERAGDRAP	0.022457053	930.20 nM	63	GERAGDGAP	699.2332832	NELFB	chr9 g.137255474G>C
HLA-C*06:02	DRAPSRAVA	0.022457053	3688.52 nM	63	DGAPSRAVA	9461.032574	NELFB	chr9 g.137255474G>C
HLA-B*45:01	EEEDDADCS	0.056254046	787.72 nM	8	EEEDDADSS	627.3238144	CCDC136	chr7 g.128815876C>G
HLA-B*45:01	EEEEDDADC	0.056254046	2000.66 nM	8	EEEEDDADS	1411.418782	CCDC136	chr7 g.128815876C>G
HLA-C*06:02	LKFNPQTDY	0.007284437	1106.13 nM	416	LKFNPETDY	1677.155087	ACO2	chr22 g.41524891G>C
HLA-C*06:02	KFNPQTDYL	0.007284437	1648.79 nM	416	KFNPETDYL	1899.184537	ACO2	chr22 g.41524891G>C
HLA-A*29:02	LKFNPQTDY	0.007284437	1868.11 nM	416	LKFNPETDY	2506.025029	ACO2	chr22 g.41524891G>C
HLA-B*45:01	GTLKFNPQT	0.007284437	3662.78 nM	416	GTLKFNPET	2947.708521	ACO2	chr22 g.41524891G>C
HLA-A*29:02	GALVRSRTY	0.008713157	1171.87 nM	259	GALVHSRTY	568.7939933	TUBGCP6	chr22 g.50243801T>C
HLA-C*06:02	GALVRSRTY	0.008713157	1185.92 nM	259	GALVHSRTY	978.5780698	TUBGCP6	chr22 g.50243801T>C
HLA-C*06:02	LVRSRTYDM	0.008713157	2329.18 nM	259	LVHSRTYDM	916.2376287	TUBGCP6	chr22 g.50243801T>C
HLA-C*06:02	LLDSLTRMM	0.066719998	821.52 nM	2	LLDYLTRMM	1927.431299	RGL1	chr1 g.183880711A>C
HLA-C*06:02	KLLDSLTRM	0.066719998	937.87 nM	2	KLLDYLTRM	793.2570891	RGL1	chr1 g.183880711A>C
HLA-C*06:02	FLEDYVRCT	0.009390639	1063.23 nM	94	FLEDYVRYT	1055.260564	WASHC5	chr8 g.125028639T>C
HLA-C*06:02	RCTKLPRRV	0.009390639	1943.45 nM	94	RYTKLPRRV	1668.786643	WASHC5	chr8 g.125028639T>C
HLA-C*06:02	SRMPTQHLC	0.060095953	897.47 nM	2	SRMPTQHLY	294.7945689	NSUN7	chr4 g.40808809A>G
HLA-C*06:02	TQHLCCRWV	0.060095953	947.36 nM	2	TQHLYCRWV	1352.058542	NSUN7	chr4 g.40808809A>G
HLA-B*45:01	QHLCCRWVA	0.060095953	1022.95 nM	2	QHLYCRWVA	827.8350412	NSUN7	chr4 g.40808809A>G
HLA-B*45:01	TQHLCCRWV	0.060095953	2077.53 nM	2	TQHLYCRWV	2513.433699	NSUN7	chr4 g.40808809A>G
HLA-C*06:02	TSVPKLVPV	0.033465257	868.82 nM	5	TSVPELVPV	819.5115914	VEGFD	chrX g.15355262C>T
HLA-C*06:02	PLTSVPKLV	0.033465257	3593.82 nM	5	PLTSVPELV	9262.884424	VEGFD	chrX g.15355262C>T
HLA-B*45:01	SSAPFCPPS	0.009109972	1067.39 nM	56	SSAPFSPPS	845.8961939	CROCC	chr1 g.16972418C>G
HLA-A*29:02	FILPRDSTH	0.009343426	1063.56 nM	53	FILPRESTH	1456.477651	ABCA3	chr16 g.2295601C>G
HLA-C*06:02	IKLEETSLV	0.045589991	820.73 nM	2	SKLEETSLV	856.173556	FRMPD3	chrX g.107601386G>T
HLA-B*45:01	QKSSFTVHC	0.000701743	1453.08 nM	5629	QKSSFTVDC	1724.129852	FLNA	chrX g.154349377C>G
HLA-C*06:02	HCSKAGNNM	0.000701743	3462.71 nM	5629	DCSKAGNNM	8558.158106	FLNA	chrX g.154349377C>G
HLA-C*06:02	VVQPVMPTL	0.003795689	1202.54 nM	188	VVQPVMPTS	11919.40109	DLGAP5	chr14 g.55180754G>A
HLA-C*06:02	PVMPTLLRM	0.003795689	1784.54 nM	188	PVMPTSLRM	1493.627544	DLGAP5	chr14 g.55180754G>A
HLA-A*29:02	PVMPTLLRM	0.003795689	2627.64 nM	188	PVMPTSLRM	1905.649376	DLGAP5	chr14 g.55180754G>A
HLA-A*29:02	TVVHNCQFF	0.028690003	907.00 nM	3	TVVHNYQFF	1096.998735	CRAT	chr9 g.129102404T>C
HLA-A*29:02	CQFFELDVY	0.028690003	1258.40 nM	3	YQFFELDVY	185.5383455	CRAT	chr9 g.129102404T>C
HLA-C*06:02	TVVHNCQFF	0.028690003	2442.89 nM	3	TVVHNYQFF	3923.921801	CRAT	chr9 g.129102404T>C
HLA-A*29:02	ITVVHNCQF	0.028690003	3078.02 nM	3	ITVVHNYQF	190.7989078	CRAT	chr9 g.129102404T>C
HLA-C*06:02	ITVVHNCQF	0.028690003	3337.58 nM	3	ITVVHNYQF	5325.778333	CRAT	chr9 g.129102404T>C
HLA-C*06:02	MRNSGQGLF	0.027724837	897.86 nM	2	MRNRGQGLF	1776.434916	AMPD2	chr1 g.109621023C>A
HLA-A*29:02	MRNSGQGLF	0.027724837	3167.95 nM	2	MRNRGQGLF	4987.913057	AMPD2	chr1 g.109621023C>A
HLA-C*06:02	YLNPRSGGM	0.002578516	1257.61 nM	231	YLNPRSGGI	1407.122468	CCNT1	chr12 g.48693120G>C
HLA-C*06:02	QHAGVCKSV	0.004962119	1258.46 nM	50	QHAGVYKSV	1098.408556	SPEG	chr2 g.219471925A>G
HLA-C*06:02	HAGVCKSVI	0.004962119	1268.52 nM	50	HAGVYKSVI	1903.427235	SPEG	chr2 g.219471925A>G
HLA-C*06:02	FQIGPEEAM	0.001454661	1346.61 nM	508	SQIGPEEAM	4440.400335	KIF1C	chr17 g.5007047C>T
HLA-A*29:02	SFSPNTEFQ	0.001454661	1933.64 nM	508	SFSPNTESQ	4597.716796	KIF1C	chr17 g.5007047C>T
HLA-B*45:01	TEFQIGPEE	0.001454661	2920.25 nM	508	TESQIGPEE	1646.909059	KIF1C	chr17 g.5007047C>T
HLA-C*06:02	PSFSPNTEF	0.001454661	3197.27 nM	508	PSFSPNTES	14617.31782	KIF1C	chr17 g.5007047C>T
HLA-C*06:02	PARPPQQPV	0.002240797	1278.71 nM	172	PPRPPQQPV	7659.071988	GGA1	chr22 g.37631021C>G
HLA-A*29:02	GMDAGQPKH	0.009118587	1067.25 nM	9	GMHAGQPKH	641.9742646	SHC2	chr19 g.422193G>C
HLA-B*45:01	AEKIDRQYE	0.001732702	1317.37 nM	168	AEKIHRQYE	1103.554021	PSME4	chr2 g.53901385G>C
HLA-A*29:02	LAEKIDRQY	0.001732702	2743.17 nM	168	LAEKIHRQY	1431.403291	PSME4	chr2 g.53901385G>C
HLA-B*45:01	QDVPPGTPA	0.000948378	1408.21 nM	59	QDAPPGTPA	919.677382	IL27RA	chr19 g.14049195CC>TT
HLA-C*06:02	DVPPGTPAI	0.000948378	2321.61 nM	59	DAPPGTPAI	1809.455977	IL27RA	chr19 g.14049195CC>TT
HLA-B*45:01	QDVPPGTPA	0.000948378	1408.21 nM	59	QDAPPGTPA	919.677382	IL27RA	chr19 g.14049195C>T
HLA-C*06:02	DVPPGTPAI	0.000948378	2321.61 nM	59	DAPPGTPAI	1809.455977	IL27RA	chr19 g.14049195C>T
HLA-C*06:02	TGAPDGCFL	0.000381374	1544.59 nM	172	TGAPDGSFL	2621.952711	PLCG1	chr20 g.41165772C>G
HLA-C*06:02	VTKPVGVDV	0.000489796	1542.74 nM	83	VAKPVGVDV	612.7666976	APBB1	chr11 g.6401001C>T
HLA-C*06:02	YYLGNVPVT	0.000489796	1740.18 nM	83	YYLGNVPVA	1391.281741	APBB1	chr11 g.6401001C>T
HLA-C*06:02	GNVPVTKPV	0.000489796	2737.10 nM	83	GNVPVAKPV	2566.202014	APBB1	chr11 g.6401001C>T
HLA-C*06:02	GARTQRCLL	0.000816994	1430.27 nM	18	GARTQRSLL	2181.747053	DCHS2	chr4 g.154491219G>C
HLA-C*06:02	SGARTQRCL	0.000816994	2781.79 nM	18	SGARTQRSL	1466.581905	DCHS2	chr4 g.154491219G>C
HLA-C*06:02	ARTQRCLLW	0.000816994	3400.67 nM	18	ARTQRSLLW	3137.51015	DCHS2	chr4 g.154491219G>C
HLA-C*06:02	IYELDTRGL	0.00022751	1681.42 nM	200	IYELDTSGL	2853.377679	NAA25	chr12 g.112043095A>C
HLA-C*06:02	RGLEDTMEI	0.00022751	1789.98 nM	200	SGLEDTMEI	1913.162866	NAA25	chr12 g.112043095A>C
HLA-C*06:02	LLSETTYRI	0.0001277	1730.10 nM	295	LLPETTYRI	1710.207901	FNDC3B	chr3 g.172353067C>T
HLA-B*45:01	SETTYRIRI	0.0001277	2011.70 nM	295	PETTYRIRI	16743.32851	FNDC3B	chr3 g.172353067C>T
HLA-A*29:02	LLSETTYRI	0.0001277	3650.08 nM	295	LLPETTYRI	7939.816087	FNDC3B	chr3 g.172353067C>T
HLA-C*06:02	SRTSQSPQM	8.87587E-05	1781.82 nM	190	SRTSQWPQM	2899.530713	UQCC1	chr20 g.35384132C>G
HLA-B*45:01	SPQMSQSQA	8.87587E-05	2086.37 nM	190	WPQMSQSRA	8079.874819	UQCC1	chr20 g.35384132C>G
HLA-B*45:01	SQSPQMSQS	8.87587E-05	3489.03 nM	190	SQWPQMSQS	3420.43278	UQCC1	chr20 g.35384132C>G
HLA-C*06:02	LEKHQIKTL	0.000579371	1481.84 nM	4	LEKDQIKTL	652.7492752	SHROOM2	chrX g.9937279G>C
HLA-C*06:02	NGSEFPSQL	6.30813E-05	1847.35 nM	219	NGSEFPSEL	2058.041113	PXDC1	chr6 g.3723708C>G
HLA-B*45:01	SEFPSQLED	6.30813E-05	2058.64 nM	219	SEFPSELED	2594.652746	PXDC1	chr6 g.3723708C>G
HLA-B*45:01	AASDEAEPA	0.000160577	1674.68 nM	32	AASEEAEPA	1164.514998	TPRN	chr9 g.137199428T>A
HLA-C*06:02	AASDEAEPA	0.000160577	2604.40 nM	32	AASEEAEPA	3144.81125	TPRN	chr9 g.137199428T>A
HLA-C*06:02	LNPQNKQSL	2.27246E-05	1967.70 nM	1390	LNLQNKQSL	1442.191513	HSPA4	chr5 g.133103959T>C
HLA-C*06:02	PQNKQSLTM	2.27246E-05	3367.76 nM	1390	LQNKQSLTM	1555.245725	HSPA4	chr5 g.133103959T>C
HLA-C*06:02	KITTHNKVI	4.26493E-05	1877.49 nM	97	KITTDNKVI	3160.63169	AKAP9	chr7 g.92077867G>C
HLA-C*06:02	LKITTHNKV	4.26493E-05	2410.52 nM	97	LKITTDNKV	4061.264616	AKAP9	chr7 g.92077867G>C
HLA-C*06:02	QRRVGLNEF	0.000200125	1641.34 nM	4	QRRAGLNEF	830.6783483	SGK3	chr8 g.66813874C>T
HLA-C*06:02	RRVGLNEFI	0.000200125	3382.41 nM	4	RRAGLNEFI	3441.163136	SGK3	chr8 g.66813874C>T
HLA-C*06:02	AGHMFEVVV	0.000281007	1592.42 nM	2	AGHMFDVVV	1918.337304	MAOA	chrX g.43656386C>A
HLA-C*06:02	GHMFEVVVI	0.000281007	2238.60 nM	2	GHMFDVVVI	1627.270734	MAOA	chrX g.43656386C>A
HLA-A*29:02	GGPDGGPGY	0.000144116	1690.60 nM	6	GGPGGGPGY	1139.034188	HOXA4	chr7 g.27130624C>T
HLA-B*45:01	IEGLPQDPT	3.90461E-05	1886.49 nM	70	IEGLPQGPT	2329.190841	POLH	chr6 g.43587457G>A
HLA-C*06:02	SIVSRNCEI	4.1105E-05	1878.79 nM	49	VSRNCEHFV	4068.176525	PLAAT4	chr11 g.63544841_63544860delTGAGCACTTTGTCACCCAGC
HLA-C*06:02	SRNCEIWQV	4.1105E-05	3414.28 nM	49	NCEHFVTQL	1193.843052	PLAAT4	chr11 g.63544841_63544860delTGAGCACTTTGTCACCCAGC
HLA-C*06:02	IGKHGGVSL	2.61879E-05	1946.41 nM	78	IGKPGGVSL	1479.559726	TPST2	chr22 g.26540810G>T
HLA-B*45:01	GKHGGVSLS	2.61879E-05	3698.30 nM	78	GKPGGVSLS	15053.44775	TPST2	chr22 g.26540810G>T
HLA-B*45:01	EEHEDDDHG	1.2672E-05	2055.30 nM	207	EEDEDDDHG	6212.262151	USP34	chr2 g.61348285C>G
HLA-B*45:01	IELQTANLS	3.36365E-05	2003.98 nM	11	IEPQTANLS	9727.660168	DNAH1	chr3 g.52395055C>T
HLA-C*06:02	LQTANLSVV	3.36365E-05	2025.90 nM	11	PQTANLSVV	4061.466622	DNAH1	chr3 g.52395055C>T
HLA-C*06:02	FIELQTANL	3.36365E-05	2581.83 nM	11	FIEPQTANL	561.9878352	DNAH1	chr3 g.52395055C>T
HLA-C*06:02	ELQTANLSV	3.36365E-05	3575.95 nM	11	EPQTANLSV	12245.27104	DNAH1	chr3 g.52395055C>T
HLA-C*06:02	VLVGILLAL	5.06577E-06	2241.41 nM	146	VLVEILLAL	1082.668031	MYBBP1A	chr17 g.4545725T>C
HLA-A*29:02	VLVGILLAL	5.06577E-06	2385.95 nM	146	VLVEILLAL	3814.936276	MYBBP1A	chr17 g.4545725T>C
HLA-B*45:01	EVLVGILLA	5.06577E-06	3293.84 nM	146	EVLVEILLA	7882.962398	MYBBP1A	chr17 g.4545725T>C
HLA-C*06:02	RIVVGVKRM	6.32993E-06	2159.42 nM	83	RIVVRVKRM	1378.613953	XDH	chr2 g.31366061G>C
HLA-C*06:02	KYGLSDHPV	3.81782E-06	2235.26 nM	114	KYGLSAHPV	903.7589232	SCP2	chr1 g.52961570C>A
HLA-C*06:02	HMTEVVRHC	7.34312E-07	2482.53 nM	1413	HMTEVVRRC	3459.26184	TP53	chr17 g.7675088C>T
HLA-C*06:02	ENAGTITPL	3.64218E-06	2308.97 nM	23	ENAVTITPL	3283.304294	SCRIB	chr8 g.143805314A>C
HLA-C*06:02	VEPENAGTI	3.64218E-06	2396.13 nM	23	VEPENAVTI	1045.580474	SCRIB	chr8 g.143805314A>C
HLA-B*45:01	PENAGTITP	3.64218E-06	3682.28 nM	23	PENAVTITP	4399.722836	SCRIB	chr8 g.143805314A>C
HLA-C*06:02	PYLGSAPSL	1.71579E-06	2412.80 nM	74	PYLGSARSL	335.2049714	SORBS3	chr8 g.22566401G>C
HLA-B*45:01	APYLGSAPS	1.71579E-06	2526.74 nM	74	APYLGSARS	10446.78388	SORBS3	chr8 g.22566401G>C
HLA-C*06:02	QCLLRLGVM	1.11214E-06	2420.27 nM	96	QCLLRLGVL	2703.937491	MICAL1	chr6 g.109451608G>T
HLA-C*06:02	RKFSWKKPE	1.53709E-06	2371.73 nM	40	GKFSWKKPE	6121.111269	ZNF318	chr6 g.43340178C>G
HLA-A*29:02	LFFYEHVRK	1.54166E-06	2371.50 nM	19	LFFYEHLRK	831.9358031	B3GNTL1	chr17 g.82961145G>C
HLA-A*29:02	LLFFYEHVR	1.54166E-06	3393.10 nM	19	LLFFYEHLR	921.635514	B3GNTL1	chr17 g.82961145G>C
HLA-C*06:02	FFYEHVRKG	1.54166E-06	3550.34 nM	19	FFYEHLRKG	5947.177815	B3GNTL1	chr17 g.82961145G>C
HLA-C*06:02	YCSAGCGRT	4.18008E-07	2567.05 nM	118	HCSAGCGRT	6902.786707	PTPN12	chr7 g.77600799C>T
HLA-B*45:01	SQSTGDKVT	3.34024E-07	2600.69 nM	114	QSTGDIDKV	19931.49761	TAF1	chrX g.71378282_71378287delAGATAT
HLA-C*06:02	VTAKNDLEL	2.77768E-07	2628.35 nM	59	VTAKKDLEL	4352.840665	HAUS8	chr19 g.17052842C>G
HLA-A*29:02	KSDLVSRNY	2.6316E-07	2672.30 nM	42	TSDLVSRNY	1305.891354	BMT2	chr7 g.112821985G>T
HLA-C*06:02	ISLKTKSDL	2.6316E-07	2885.50 nM	42	ISLKTTSDL	1864.084043	BMT2	chr7 g.112821985G>T
HLA-C*06:02	FRKISLKTK	2.6316E-07	3206.07 nM	42	FRKISLKTT	813.3780415	BMT2	chr7 g.112821985G>T
HLA-A*29:02	FFAPRLIKK	4.20884E-07	2599.91 nM	12	FFTPRLIKK	3722.305645	ABL2	chr1 g.179109010T>C
HLA-A*29:02	GFFAPRLIK	4.20884E-07	2805.75 nM	12	GFFTPRLIK	3434.549169	ABL2	chr1 g.179109010T>C
HLA-C*06:02	ELGSLRLPL	3.62839E-08	2933.67 nM	432	ELGSLPLPL	2924.816179	STX12	chr1 g.27793607C>G
HLA-C*06:02	ESVQKPKFL	6.39137E-08	2848.74 nM	63	ESVQKPKFP	20199.03442	KNL1	chr15 g.40622779C>T
HLA-C*06:02	ESVQKPKFL	6.39137E-08	2848.74 nM	63	ESVQKPKFP	20199.03442	KNL1	chr15 g.40622779CC>TT
HLA-C*06:02	ESVQKPKFL	6.39137E-08	2848.74 nM	63	ESVQKPKFP	20199.03442	KNL1	chr15 g.40622780C>T
HLA-A*29:02	SFKKGLPQH	8.50517E-09	3151.27 nM	337	SFKKGLPQR	13657.96523	SPATS2	chr12 g.49526215G>A
HLA-C*06:02	VDFGTGRNI	4.06748E-09	3261.92 nM	199	VDFGTGSNI	5887.00572	GLB1	chr3 g.33053545G>T
HLA-B*45:01	SEGNKVQKG	7.63574E-09	3177.28 nM	13	SEGKKVQKG	1298.695053	ANKEF1	chr20 g.10054509G>C
HLA-C*06:02	NKVQKGNVV	7.63574E-09	3581.05 nM	13	KKVQKGNVV	2169.254948	ANKEF1	chr20 g.10054509G>C
HLA-B*45:01	NKVGDEIVA	5.39763E-09	3219.48 nM	4	KVGDEIVDR	27765.92696	PLD2	chr17 g.4818362_4818376delGGACAGAATCCTGAA
HLA-B*45:01	AQNQGKKVK	5.59919E-10	3559.37 nM	358	AQNQGKKVE	3394.961956	RRBP1	chr20 g.17659331C>T
HLA-B*45:01	AEEDEGEEN	1.46206E-09	3415.40 nM	5	AEEDEEEEN	3836.730968	SH2D3A	chr19 g.6755018T>C
HLA-C*06:02	DLKGDNVLI	2.10258E-10	3706.29 nM	94	DIKGDNVLI	4602.053273	MAP3K6	chr1 g.27359863T>G
