left_peptide	spacer	right_peptide	junction_score	epitope	allele	method
FAM129C.ENST00000335393.FS.291CG/C_pos15_len10	None	ENOX1.ENST00000261488.FS.55C/CA_pos17_len9	2.7879728355193314	FPTAWATAM	HLA-B*35:01	median
AFAP1.ENST00000420658.missense.798R/L_pos8_len8	AAY	ENOX1.ENST00000261488.FS.55C/CA_pos17_len9	3.0785921584231453	YPTAWATAM	HLA-B*35:01	median
USP15.ENST00000280377.FS.345-346G/GT_pos11_len9	AAY	ENOX1.ENST00000261488.FS.55C/CA_pos17_len9	3.0785921584231453	YPTAWATAM	HLA-B*35:01	median
FAM129C.ENST00000335393.FS.291CG/C_pos7_len9	AAY	ENOX1.ENST00000261488.FS.55C/CA_pos17_len9	3.0785921584231453	YPTAWATAM	HLA-B*35:01	median
FAM129C.ENST00000335393.FS.291CG/C_pos15_len10	AAY	ENOX1.ENST00000261488.FS.55C/CA_pos17_len9	3.0785921584231453	YPTAWATAM	HLA-B*35:01	median
AFAP1.ENST00000420658.missense.798R/L_pos8_len8	HHHH	ENOX1.ENST00000261488.FS.55C/CA_pos17_len9	4.121464399095871	HPTAWATAM	HLA-B*35:01	median
USP15.ENST00000280377.FS.345-346G/GT_pos11_len9	HHHH	ENOX1.ENST00000261488.FS.55C/CA_pos17_len9	4.121464399095871	HPTAWATAM	HLA-B*35:01	median
FAM129C.ENST00000335393.FS.291CG/C_pos7_len9	HHHH	ENOX1.ENST00000261488.FS.55C/CA_pos17_len9	4.121464399095871	HPTAWATAM	HLA-B*35:01	median
FAM129C.ENST00000335393.FS.291CG/C_pos15_len10	HHHH	ENOX1.ENST00000261488.FS.55C/CA_pos17_len9	4.121464399095871	HPTAWATAM	HLA-B*35:01	median
USP15.ENST00000280377.FS.345-346G/GT_pos11_len9	AAY	FAM129C.ENST00000335393.FS.291CG/C_pos7_len9	10.615193671481597	WKVAAYLPALRAQTL	DRB1*11:01	median
ENOX1.ENST00000261488.FS.55C/CA_pos17_len9	None	FAM129C.ENST00000335393.FS.291CG/C_pos15_len10	11.145002160299564	RVAWTAARVPALRAQ	DRB1*11:01	median
ENOX1.ENST00000261488.FS.55C/CA_pos17_len9	HHHH	FAM129C.ENST00000335393.FS.291CG/C_pos15_len10	11.16123618829934	RVAWTAARVHHHHPA	DRB1*11:01	median
FAM129C.ENST00000335393.FS.291CG/C_pos7_len9	None	ENOX1.ENST00000261488.FS.55C/CA_pos17_len9	13.0	SPTAWATAM	HLA-B*35:01	median
AFAP1.ENST00000420658.missense.798R/L_pos8_len8	GGS	ENOX1.ENST00000261488.FS.55C/CA_pos17_len9	13.0	SPTAWATAM	HLA-B*35:01	median
USP15.ENST00000280377.FS.345-346G/GT_pos11_len9	GGS	ENOX1.ENST00000261488.FS.55C/CA_pos17_len9	13.0	SPTAWATAM	HLA-B*35:01	median
FAM129C.ENST00000335393.FS.291CG/C_pos7_len9	GGS	ENOX1.ENST00000261488.FS.55C/CA_pos17_len9	13.0	SPTAWATAM	HLA-B*35:01	median
FAM129C.ENST00000335393.FS.291CG/C_pos15_len10	GGS	ENOX1.ENST00000261488.FS.55C/CA_pos17_len9	13.0	SPTAWATAM	HLA-B*35:01	median
USP15.ENST00000280377.FS.345-346G/GT_pos11_len9	None	ENOX1.ENST00000261488.FS.55C/CA_pos17_len9	13.16	VPTAWATAM	HLA-B*35:01	median
AFAP1.ENST00000420658.missense.798R/L_pos8_len8	HHHH	FAM129C.ENST00000335393.FS.291CG/C_pos15_len10	13.244559674981046	AKEWELKHHHHPALR	DRB1*11:01	median
USP15.ENST00000280377.FS.345-346G/GT_pos11_len9	HHHH	AFAP1.ENST00000420658.missense.798R/L_pos8_len8	13.54865161939364	QANVVWKVHHHHKSQ	DRB1*11:01	median
USP15.ENST00000280377.FS.345-346G/GT_pos11_len9	None	FAM129C.ENST00000335393.FS.291CG/C_pos7_len9	14.24581086375007	QANVVWKVLPALRAQ	DRB1*11:01	median
AFAP1.ENST00000420658.missense.798R/L_pos8_len8	None	FAM129C.ENST00000335393.FS.291CG/C_pos7_len9	15.916766589414834	KAKEWELKLPALRAQ	DRB1*11:01	median
USP15.ENST00000280377.FS.345-346G/GT_pos11_len9	HHHH	FAM129C.ENST00000335393.FS.291CG/C_pos7_len9	16.125067799406697	NVVWKVHHHHLPALR	DRB1*11:01	median
FAM129C.ENST00000335393.FS.291CG/C_pos15_len10	AAY	FAM129C.ENST00000335393.FS.291CG/C_pos7_len9	16.398012113673627	PGPSFAAYLPALRAQ	DRB1*11:01	median
USP15.ENST00000280377.FS.345-346G/GT_pos11_len9	None	FAM129C.ENST00000335393.FS.291CG/C_pos15_len10	17.721663472436305	YQANVVWKVPALRAQ	DRB1*11:01	median
FAM129C.ENST00000335393.FS.291CG/C_pos15_len10	AAY	USP15.ENST00000280377.FS.345-346G/GT_pos11_len9	18.333495386424275	FAAYNPLGM	HLA-B*35:01	median
ENOX1.ENST00000261488.FS.55C/CA_pos17_len9	None	FAM129C.ENST00000335393.FS.291CG/C_pos7_len9	18.70779315813717	VAWTAARVLPALRAQ	DRB1*11:01	median
AFAP1.ENST00000420658.missense.798R/L_pos8_len8	HHHH	USP15.ENST00000280377.FS.345-346G/GT_pos11_len9	19.022430226074494	AKEWELKHHHHNPLG	DRB1*11:01	median
FAM129C.ENST00000335393.FS.291CG/C_pos15_len10	None	FAM129C.ENST00000335393.FS.291CG/C_pos7_len9	21.000439239029934	GPSFLPALRAQTLPG	DRB1*11:01	median
ENOX1.ENST00000261488.FS.55C/CA_pos17_len9	AAY	AFAP1.ENST00000420658.missense.798R/L_pos8_len8	24.0536257341574	SRRVAWTAARVAAYK	DRB1*11:01	median
AFAP1.ENST00000420658.missense.798R/L_pos8_len8	None	FAM129C.ENST00000335393.FS.291CG/C_pos15_len10	24.563051749901327	AKEWELKPALRAQTL	DRB1*11:01	median
ENOX1.ENST00000261488.FS.55C/CA_pos17_len9	AAY	FAM129C.ENST00000335393.FS.291CG/C_pos7_len9	26.43973793762895	VAAYLPALRAQTLPG	DRB1*11:01	median
USP15.ENST00000280377.FS.345-346G/GT_pos11_len9	AAY	AFAP1.ENST00000420658.missense.798R/L_pos8_len8	28.7	YQANVVWKVAAYKSQ	DRB1*11:01	median
AFAP1.ENST00000420658.missense.798R/L_pos8_len8	AAY	FAM129C.ENST00000335393.FS.291CG/C_pos7_len9	31.812346133502807	KAAYLPALRAQTLPG	DRB1*11:01	median
AFAP1.ENST00000420658.missense.798R/L_pos8_len8	None	ENOX1.ENST00000261488.FS.55C/CA_pos17_len9	32.59	KPTAWATAM	HLA-B*35:01	median
ENOX1.ENST00000261488.FS.55C/CA_pos17_len9	GGS	AFAP1.ENST00000420658.missense.798R/L_pos8_len8	32.85919029113981	SRRVAWTAARVGGSK	DRB1*11:01	median
ENOX1.ENST00000261488.FS.55C/CA_pos17_len9	AAY	USP15.ENST00000280377.FS.345-346G/GT_pos11_len9	34.015	WTAARVAAY	HLA-B*35:01	median
ENOX1.ENST00000261488.FS.55C/CA_pos17_len9	AAY	FAM129C.ENST00000335393.FS.291CG/C_pos15_len10	34.015	WTAARVAAY	HLA-B*35:01	median
FAM129C.ENST00000335393.FS.291CG/C_pos15_len10	HHHH	FAM129C.ENST00000335393.FS.291CG/C_pos7_len9	34.62681548818524	SFHHHHLPALRAQTL	DRB1*11:01	median
ENOX1.ENST00000261488.FS.55C/CA_pos17_len9	None	AFAP1.ENST00000420658.missense.798R/L_pos8_len8	37.333867459458645	SRRVAWTAARVKSQA	DRB1*11:01	median
USP15.ENST00000280377.FS.345-346G/GT_pos11_len9	AAY	FAM129C.ENST00000335393.FS.291CG/C_pos15_len10	40.555	NVVWKVAAY	HLA-B*35:01	median
ENOX1.ENST00000261488.FS.55C/CA_pos17_len9	GGS	FAM129C.ENST00000335393.FS.291CG/C_pos7_len9	42.51676332981035	RVAWTAARVGGSLPA	DRB1*11:01	median
AFAP1.ENST00000420658.missense.798R/L_pos8_len8	GPGPG	ENOX1.ENST00000261488.FS.55C/CA_pos17_len9	44.831287935992805	GPTAWATAM	HLA-B*35:01	median
USP15.ENST00000280377.FS.345-346G/GT_pos11_len9	GPGPG	ENOX1.ENST00000261488.FS.55C/CA_pos17_len9	44.831287935992805	GPTAWATAM	HLA-B*35:01	median
FAM129C.ENST00000335393.FS.291CG/C_pos7_len9	GPGPG	ENOX1.ENST00000261488.FS.55C/CA_pos17_len9	44.831287935992805	GPTAWATAM	HLA-B*35:01	median
FAM129C.ENST00000335393.FS.291CG/C_pos15_len10	GPGPG	ENOX1.ENST00000261488.FS.55C/CA_pos17_len9	44.831287935992805	GPTAWATAM	HLA-B*35:01	median
AFAP1.ENST00000420658.missense.798R/L_pos8_len8	HHHH	FAM129C.ENST00000335393.FS.291CG/C_pos7_len9	54.02705647540263	KEWELKHHHHLPALR	DRB1*11:01	median
ENOX1.ENST00000261488.FS.55C/CA_pos17_len9	HHHH	AFAP1.ENST00000420658.missense.798R/L_pos8_len8	54.800773370359956	VAWTAARVHHHHKSQ	DRB1*11:01	median
USP15.ENST00000280377.FS.345-346G/GT_pos11_len9	HHHH	FAM129C.ENST00000335393.FS.291CG/C_pos15_len10	65.4	YQANVVWKVHHHHPA	DRB1*11:01	median
USP15.ENST00000280377.FS.345-346G/GT_pos11_len9	None	AFAP1.ENST00000420658.missense.798R/L_pos8_len8	72.1	YQANVVWKVKSQAAP	DRB1*11:01	median
FAM129C.ENST00000335393.FS.291CG/C_pos15_len10	AAY	AFAP1.ENST00000420658.missense.798R/L_pos8_len8	80.27673013563567	GPGPSFAAY	HLA-B*35:01	median
ENOX1.ENST00000261488.FS.55C/CA_pos17_len9	HHHH	FAM129C.ENST00000335393.FS.291CG/C_pos7_len9	82.5	RRVAWTAARVHHHHL	DRB1*11:01	median
ENOX1.ENST00000261488.FS.55C/CA_pos17_len9	HHHH	USP15.ENST00000280377.FS.345-346G/GT_pos11_len9	96.8	RRVAWTAARVHHHHN	DRB1*11:01	median
AFAP1.ENST00000420658.missense.798R/L_pos8_len8	AAY	FAM129C.ENST00000335393.FS.291CG/C_pos15_len10	100.0450817406942	YPALRAQTL	HLA-B*35:01	median
FAM129C.ENST00000335393.FS.291CG/C_pos7_len9	AAY	FAM129C.ENST00000335393.FS.291CG/C_pos15_len10	100.0450817406942	YPALRAQTL	HLA-B*35:01	median
USP15.ENST00000280377.FS.345-346G/GT_pos11_len9	GGS	FAM129C.ENST00000335393.FS.291CG/C_pos7_len9	114.31538517997609	VWKVGGSLPALRAQT	DRB1*11:01	median
FAM129C.ENST00000335393.FS.291CG/C_pos15_len10	GGS	FAM129C.ENST00000335393.FS.291CG/C_pos7_len9	146.2823073936415	GPSFGGSLPALRAQT	DRB1*11:01	median
FAM129C.ENST00000335393.FS.291CG/C_pos7_len9	HHHH	FAM129C.ENST00000335393.FS.291CG/C_pos15_len10	202.15231888105086	HPALRAQTL	HLA-B*35:01	median
FAM129C.ENST00000335393.FS.291CG/C_pos7_len9	AAY	AFAP1.ENST00000420658.missense.798R/L_pos8_len8	218.875	APGPGPSAAY	HLA-B*35:01	median
FAM129C.ENST00000335393.FS.291CG/C_pos7_len9	AAY	USP15.ENST00000280377.FS.345-346G/GT_pos11_len9	218.875	APGPGPSAAY	HLA-B*35:01	median
FAM129C.ENST00000335393.FS.291CG/C_pos15_len10	None	USP15.ENST00000280377.FS.345-346G/GT_pos11_len9	222.5336042986053	GPSFNPLGMRGEIAK	DRB1*11:01	median
FAM129C.ENST00000335393.FS.291CG/C_pos7_len9	GGS	FAM129C.ENST00000335393.FS.291CG/C_pos15_len10	237.76500000000001	GPSGGSPAL	HLA-B*35:01	median
AFAP1.ENST00000420658.missense.798R/L_pos8_len8	GGS	FAM129C.ENST00000335393.FS.291CG/C_pos7_len9	238.8829341271013	RKAKEWELKGGSLPA	DRB1*11:01	median
ENOX1.ENST00000261488.FS.55C/CA_pos17_len9	GGS	USP15.ENST00000280377.FS.345-346G/GT_pos11_len9	248.106995851262	SRRVAWTAARVGGSN	DRB1*11:01	median
AFAP1.ENST00000420658.missense.798R/L_pos8_len8	None	USP15.ENST00000280377.FS.345-346G/GT_pos11_len9	261.5248968852994	AKEWELKNPLGMRGE	DRB1*11:01	median
USP15.ENST00000280377.FS.345-346G/GT_pos11_len9	GPGPG	AFAP1.ENST00000420658.missense.798R/L_pos8_len8	316.77097659030477	LYQANVVWKVGPGPG	DRB1*11:01	median
USP15.ENST00000280377.FS.345-346G/GT_pos11_len9	GPGPG	FAM129C.ENST00000335393.FS.291CG/C_pos7_len9	316.77097659030477	LYQANVVWKVGPGPG	DRB1*11:01	median
USP15.ENST00000280377.FS.345-346G/GT_pos11_len9	GPGPG	FAM129C.ENST00000335393.FS.291CG/C_pos15_len10	316.77097659030477	LYQANVVWKVGPGPG	DRB1*11:01	median
FAM129C.ENST00000335393.FS.291CG/C_pos7_len9	GGS	USP15.ENST00000280377.FS.345-346G/GT_pos11_len9	362.855	GPSGGSNPL	HLA-B*35:01	median
FAM129C.ENST00000335393.FS.291CG/C_pos15_len10	None	AFAP1.ENST00000420658.missense.798R/L_pos8_len8	459.2	PGPGPSFKSQAAPGS	DRB1*11:01	median
USP15.ENST00000280377.FS.345-346G/GT_pos11_len9	GGS	FAM129C.ENST00000335393.FS.291CG/C_pos15_len10	460.58932957940283	LYQANVVWKVGGSPA	DRB1*11:01	median
ENOX1.ENST00000261488.FS.55C/CA_pos17_len9	GGS	FAM129C.ENST00000335393.FS.291CG/C_pos15_len10	468.6395460537112	GSRRVAWTAARVGGS	DRB1*11:01	median
ENOX1.ENST00000261488.FS.55C/CA_pos17_len9	GPGPG	AFAP1.ENST00000420658.missense.798R/L_pos8_len8	533.2758653041391	SRRVAWTAARVGPGP	DRB1*11:01	median
ENOX1.ENST00000261488.FS.55C/CA_pos17_len9	GPGPG	FAM129C.ENST00000335393.FS.291CG/C_pos7_len9	533.2758653041391	SRRVAWTAARVGPGP	DRB1*11:01	median
ENOX1.ENST00000261488.FS.55C/CA_pos17_len9	GPGPG	USP15.ENST00000280377.FS.345-346G/GT_pos11_len9	533.2758653041391	SRRVAWTAARVGPGP	DRB1*11:01	median
ENOX1.ENST00000261488.FS.55C/CA_pos17_len9	GPGPG	FAM129C.ENST00000335393.FS.291CG/C_pos15_len10	533.2758653041391	SRRVAWTAARVGPGP	DRB1*11:01	median
AFAP1.ENST00000420658.missense.798R/L_pos8_len8	GPGPG	FAM129C.ENST00000335393.FS.291CG/C_pos7_len9	591.5	KEWELKGPGPGLPAL	DRB1*11:01	median
AFAP1.ENST00000420658.missense.798R/L_pos8_len8	AAY	USP15.ENST00000280377.FS.345-346G/GT_pos11_len9	613.7429238278297	KAAYNPLGMRGEIAK	DRB1*11:01	median
FAM129C.ENST00000335393.FS.291CG/C_pos15_len10	HHHH	USP15.ENST00000280377.FS.345-346G/GT_pos11_len9	660.2	PGPGPSFHHHHNPLG	DRB1*11:01	median
FAM129C.ENST00000335393.FS.291CG/C_pos15_len10	HHHH	AFAP1.ENST00000420658.missense.798R/L_pos8_len8	695.9	PGPGPSFHHHHKSQA	DRB1*11:01	median
FAM129C.ENST00000335393.FS.291CG/C_pos15_len10	GGS	USP15.ENST00000280377.FS.345-346G/GT_pos11_len9	763.1180020966407	FGGSNPLGM	HLA-B*35:01	median
USP15.ENST00000280377.FS.345-346G/GT_pos11_len9	GGS	AFAP1.ENST00000420658.missense.798R/L_pos8_len8	833.0	ELYQANVVWKVGGSK	DRB1*11:01	median
ENOX1.ENST00000261488.FS.55C/CA_pos17_len9	None	USP15.ENST00000280377.FS.345-346G/GT_pos11_len9	905.3	GSRRVAWTAARVNPL	DRB1*11:01	median
FAM129C.ENST00000335393.FS.291CG/C_pos15_len10	GPGPG	FAM129C.ENST00000335393.FS.291CG/C_pos7_len9	955.78	GPGPGLPAL	HLA-B*35:01	median
AFAP1.ENST00000420658.missense.798R/L_pos8_len8	GGS	FAM129C.ENST00000335393.FS.291CG/C_pos15_len10	971.2530982787005	GHVLRKAKEWELKGG	DRB1*11:01	median
FAM129C.ENST00000335393.FS.291CG/C_pos7_len9	None	FAM129C.ENST00000335393.FS.291CG/C_pos15_len10	991.2249999999999	SPALRAQTL	HLA-B*35:01	median
AFAP1.ENST00000420658.missense.798R/L_pos8_len8	GGS	USP15.ENST00000280377.FS.345-346G/GT_pos11_len9	1091.3228470613383	RKAKEWELKGGSNPL	DRB1*11:01	median
AFAP1.ENST00000420658.missense.798R/L_pos8_len8	GPGPG	FAM129C.ENST00000335393.FS.291CG/C_pos15_len10	1306.0	KGPGPGPALRAQTLP	DRB1*11:01	median
FAM129C.ENST00000335393.FS.291CG/C_pos7_len9	GPGPG	FAM129C.ENST00000335393.FS.291CG/C_pos15_len10	1306.0	SGPGPGPALRAQTLP	DRB1*11:01	median
AFAP1.ENST00000420658.missense.798R/L_pos8_len8	GPGPG	USP15.ENST00000280377.FS.345-346G/GT_pos11_len9	1413.1900095492642	GHVLRKAKEWELKGP	DRB1*11:01	median
FAM129C.ENST00000335393.FS.291CG/C_pos7_len9	HHHH	USP15.ENST00000280377.FS.345-346G/GT_pos11_len9	2264.889484007937	HHHNPLGMRGEIAKS	DRB1*11:01	median
FAM129C.ENST00000335393.FS.291CG/C_pos15_len10	GPGPG	AFAP1.ENST00000420658.missense.798R/L_pos8_len8	2794.0	PGPSFGPGPGKSQAA	DRB1*11:01	median
FAM129C.ENST00000335393.FS.291CG/C_pos7_len9	None	USP15.ENST00000280377.FS.345-346G/GT_pos11_len9	3210.2682002416204	APGPGPSNPL	HLA-B*35:01	median
FAM129C.ENST00000335393.FS.291CG/C_pos15_len10	GGS	AFAP1.ENST00000420658.missense.798R/L_pos8_len8	3662.3	PGPGPSFGGSKSQAA	DRB1*11:01	median
FAM129C.ENST00000335393.FS.291CG/C_pos7_len9	HHHH	AFAP1.ENST00000420658.missense.798R/L_pos8_len8	3703.669610268447	APAPGPGPSH	HLA-B*35:01	median
FAM129C.ENST00000335393.FS.291CG/C_pos7_len9	GPGPG	USP15.ENST00000280377.FS.345-346G/GT_pos11_len9	4439.895606038161	GPGPGNPLGM	HLA-B*35:01	median
FAM129C.ENST00000335393.FS.291CG/C_pos15_len10	GPGPG	USP15.ENST00000280377.FS.345-346G/GT_pos11_len9	4439.895606038161	GPGPGNPLGM	HLA-B*35:01	median
FAM129C.ENST00000335393.FS.291CG/C_pos7_len9	None	AFAP1.ENST00000420658.missense.798R/L_pos8_len8	6753.795	GPSKSQAAP	HLA-B*35:01	median
FAM129C.ENST00000335393.FS.291CG/C_pos7_len9	GGS	AFAP1.ENST00000420658.missense.798R/L_pos8_len8	7451.774955984047	APAPGPGPSG	HLA-B*35:01	median
FAM129C.ENST00000335393.FS.291CG/C_pos7_len9	GPGPG	AFAP1.ENST00000420658.missense.798R/L_pos8_len8	7451.774955984047	APAPGPGPSG	HLA-B*35:01	median
