Species	MHC	PeptideLength
chimpanzee	Patr-A*0101	8
chimpanzee	Patr-A*0101	9
chimpanzee	Patr-A*0101	10
chimpanzee	Patr-A*0101	11
chimpanzee	Patr-A*0101	12
chimpanzee	Patr-A*0101	13
chimpanzee	Patr-A*0101	14
chimpanzee	Patr-A*0301	8
chimpanzee	Patr-A*0301	9
chimpanzee	Patr-A*0301	10
chimpanzee	Patr-A*0301	11
chimpanzee	Patr-A*0301	12
chimpanzee	Patr-A*0301	13
chimpanzee	Patr-A*0301	14
chimpanzee	Patr-A*0401	8
chimpanzee	Patr-A*0401	9
chimpanzee	Patr-A*0401	10
chimpanzee	Patr-A*0401	11
chimpanzee	Patr-A*0401	12
chimpanzee	Patr-A*0401	13
chimpanzee	Patr-A*0401	14
chimpanzee	Patr-A*0701	8
chimpanzee	Patr-A*0701	9
chimpanzee	Patr-A*0701	10
chimpanzee	Patr-A*0701	11
chimpanzee	Patr-A*0701	12
chimpanzee	Patr-A*0701	13
chimpanzee	Patr-A*0701	14
chimpanzee	Patr-A*0901	8
chimpanzee	Patr-A*0901	9
chimpanzee	Patr-A*0901	10
chimpanzee	Patr-A*0901	11
chimpanzee	Patr-A*0901	12
chimpanzee	Patr-A*0901	13
chimpanzee	Patr-A*0901	14
chimpanzee	Patr-B*0101	8
chimpanzee	Patr-B*0101	9
chimpanzee	Patr-B*0101	10
chimpanzee	Patr-B*0101	11
chimpanzee	Patr-B*0101	12
chimpanzee	Patr-B*0101	13
chimpanzee	Patr-B*0101	14
chimpanzee	Patr-B*1301	8
chimpanzee	Patr-B*1301	9
chimpanzee	Patr-B*1301	10
chimpanzee	Patr-B*1301	11
chimpanzee	Patr-B*1301	12
chimpanzee	Patr-B*1301	13
chimpanzee	Patr-B*1301	14
chimpanzee	Patr-B*2401	8
chimpanzee	Patr-B*2401	9
chimpanzee	Patr-B*2401	10
chimpanzee	Patr-B*2401	11
chimpanzee	Patr-B*2401	12
chimpanzee	Patr-B*2401	13
chimpanzee	Patr-B*2401	14
mouse	H-2-Db	8
mouse	H-2-Db	9
mouse	H-2-Db	10
mouse	H-2-Db	11
mouse	H-2-Db	12
mouse	H-2-Db	13
mouse	H-2-Db	14
mouse	H-2-Dd	8
mouse	H-2-Dd	9
mouse	H-2-Dd	10
mouse	H-2-Dd	11
mouse	H-2-Dd	12
mouse	H-2-Dd	13
mouse	H-2-Dd	14
mouse	H-2-Kb	8
mouse	H-2-Kb	9
mouse	H-2-Kb	10
mouse	H-2-Kb	11
mouse	H-2-Kb	12
mouse	H-2-Kb	13
mouse	H-2-Kb	14
mouse	H-2-Kd	8
mouse	H-2-Kd	9
mouse	H-2-Kd	10
mouse	H-2-Kd	11
mouse	H-2-Kd	12
mouse	H-2-Kd	13
mouse	H-2-Kd	14
mouse	H-2-Kk	8
mouse	H-2-Kk	9
mouse	H-2-Kk	10
mouse	H-2-Kk	11
mouse	H-2-Kk	12
mouse	H-2-Kk	13
mouse	H-2-Kk	14
mouse	H-2-Ld	8
mouse	H-2-Ld	9
mouse	H-2-Ld	10
mouse	H-2-Ld	11
mouse	H-2-Ld	12
mouse	H-2-Ld	13
mouse	H-2-Ld	14
macaque	Mamu-A*01	8
macaque	Mamu-A*01	9
macaque	Mamu-A*01	10
macaque	Mamu-A*01	11
macaque	Mamu-A*01	12
macaque	Mamu-A*01	13
macaque	Mamu-A*01	14
macaque	Mamu-A*02	8
macaque	Mamu-A*02	9
macaque	Mamu-A*02	10
macaque	Mamu-A*02	11
macaque	Mamu-A*02	12
macaque	Mamu-A*02	13
macaque	Mamu-A*02	14
macaque	Mamu-A*07	8
macaque	Mamu-A*07	9
macaque	Mamu-A*07	10
macaque	Mamu-A*07	11
macaque	Mamu-A*07	12
macaque	Mamu-A*07	13
macaque	Mamu-A*07	14
macaque	Mamu-A*11	8
macaque	Mamu-A*11	9
macaque	Mamu-A*11	10
macaque	Mamu-A*11	11
macaque	Mamu-A*11	12
macaque	Mamu-A*11	13
macaque	Mamu-A*11	14
macaque	Mamu-A*2201	8
macaque	Mamu-A*2201	9
macaque	Mamu-A*2201	10
macaque	Mamu-A*2201	11
macaque	Mamu-A*2201	12
macaque	Mamu-A*2201	13
macaque	Mamu-A*2201	14
macaque	Mamu-A*2601	8
macaque	Mamu-A*2601	9
macaque	Mamu-A*2601	10
macaque	Mamu-A*2601	11
macaque	Mamu-A*2601	12
macaque	Mamu-A*2601	13
macaque	Mamu-A*2601	14
macaque	Mamu-A2*0102	8
macaque	Mamu-A2*0102	9
macaque	Mamu-A2*0102	10
macaque	Mamu-A2*0102	11
macaque	Mamu-A2*0102	12
macaque	Mamu-A2*0102	13
macaque	Mamu-A2*0102	14
macaque	Mamu-A7*0103	8
macaque	Mamu-A7*0103	9
macaque	Mamu-A7*0103	10
macaque	Mamu-A7*0103	11
macaque	Mamu-A7*0103	12
macaque	Mamu-A7*0103	13
macaque	Mamu-A7*0103	14
macaque	Mamu-B*01	8
macaque	Mamu-B*01	9
macaque	Mamu-B*01	10
macaque	Mamu-B*01	11
macaque	Mamu-B*01	12
macaque	Mamu-B*01	13
macaque	Mamu-B*01	14
macaque	Mamu-B*03	8
macaque	Mamu-B*03	9
macaque	Mamu-B*03	10
macaque	Mamu-B*03	11
macaque	Mamu-B*03	12
macaque	Mamu-B*03	13
macaque	Mamu-B*03	14
macaque	Mamu-B*08	8
macaque	Mamu-B*08	9
macaque	Mamu-B*08	10
macaque	Mamu-B*08	11
macaque	Mamu-B*08	12
macaque	Mamu-B*08	13
macaque	Mamu-B*08	14
macaque	Mamu-B*1001	8
macaque	Mamu-B*1001	9
macaque	Mamu-B*1001	10
macaque	Mamu-B*1001	11
macaque	Mamu-B*1001	12
macaque	Mamu-B*1001	13
macaque	Mamu-B*1001	14
macaque	Mamu-B*17	8
macaque	Mamu-B*17	9
macaque	Mamu-B*17	10
macaque	Mamu-B*17	11
macaque	Mamu-B*17	12
macaque	Mamu-B*17	13
macaque	Mamu-B*17	14
macaque	Mamu-B*3901	8
macaque	Mamu-B*3901	9
macaque	Mamu-B*3901	10
macaque	Mamu-B*3901	11
macaque	Mamu-B*3901	12
macaque	Mamu-B*3901	13
macaque	Mamu-B*3901	14
macaque	Mamu-B*52	8
macaque	Mamu-B*52	9
macaque	Mamu-B*52	10
macaque	Mamu-B*52	11
macaque	Mamu-B*52	12
macaque	Mamu-B*52	13
macaque	Mamu-B*52	14
macaque	Mamu-B*6601	8
macaque	Mamu-B*6601	9
macaque	Mamu-B*6601	10
macaque	Mamu-B*6601	11
macaque	Mamu-B*6601	12
macaque	Mamu-B*6601	13
macaque	Mamu-B*6601	14
macaque	Mamu-B*8301	8
macaque	Mamu-B*8301	9
macaque	Mamu-B*8301	10
macaque	Mamu-B*8301	11
macaque	Mamu-B*8301	12
macaque	Mamu-B*8301	13
macaque	Mamu-B*8301	14
macaque	Mamu-B*8701	8
macaque	Mamu-B*8701	9
macaque	Mamu-B*8701	10
macaque	Mamu-B*8701	11
macaque	Mamu-B*8701	12
macaque	Mamu-B*8701	13
macaque	Mamu-B*8701	14
pig	SLA-1*0401	8
pig	SLA-1*0401	9
pig	SLA-1*0401	10
pig	SLA-1*0401	11
pig	SLA-1*0401	12
pig	SLA-1*0401	13
pig	SLA-1*0401	14
pig	SLA-2*0401	8
pig	SLA-2*0401	9
pig	SLA-2*0401	10
pig	SLA-2*0401	11
pig	SLA-2*0401	12
pig	SLA-2*0401	13
pig	SLA-2*0401	14
pig	SLA-3*0401	8
pig	SLA-3*0401	9
pig	SLA-3*0401	10
pig	SLA-3*0401	11
pig	SLA-3*0401	12
pig	SLA-3*0401	13
pig	SLA-3*0401	14
human	HLA-A*01:01	8
human	HLA-A*01:01	9
human	HLA-A*01:01	10
human	HLA-A*01:01	11
human	HLA-A*01:01	12
human	HLA-A*01:01	13
human	HLA-A*01:01	14
human	HLA-A*02:01	8
human	HLA-A*02:01	9
human	HLA-A*02:01	10
human	HLA-A*02:01	11
human	HLA-A*02:01	12
human	HLA-A*02:01	13
human	HLA-A*02:01	14
human	HLA-A*02:02	8
human	HLA-A*02:02	9
human	HLA-A*02:02	10
human	HLA-A*02:02	11
human	HLA-A*02:02	12
human	HLA-A*02:02	13
human	HLA-A*02:02	14
human	HLA-A*02:03	8
human	HLA-A*02:03	9
human	HLA-A*02:03	10
human	HLA-A*02:03	11
human	HLA-A*02:03	12
human	HLA-A*02:03	13
human	HLA-A*02:03	14
human	HLA-A*02:06	8
human	HLA-A*02:06	9
human	HLA-A*02:06	10
human	HLA-A*02:06	11
human	HLA-A*02:06	12
human	HLA-A*02:06	13
human	HLA-A*02:06	14
human	HLA-A*02:11	8
human	HLA-A*02:11	9
human	HLA-A*02:11	10
human	HLA-A*02:11	11
human	HLA-A*02:11	12
human	HLA-A*02:11	13
human	HLA-A*02:11	14
human	HLA-A*02:12	8
human	HLA-A*02:12	9
human	HLA-A*02:12	10
human	HLA-A*02:12	11
human	HLA-A*02:12	12
human	HLA-A*02:12	13
human	HLA-A*02:12	14
human	HLA-A*02:16	8
human	HLA-A*02:16	9
human	HLA-A*02:16	10
human	HLA-A*02:16	11
human	HLA-A*02:16	12
human	HLA-A*02:16	13
human	HLA-A*02:16	14
human	HLA-A*02:17	8
human	HLA-A*02:17	9
human	HLA-A*02:17	10
human	HLA-A*02:17	11
human	HLA-A*02:17	12
human	HLA-A*02:17	13
human	HLA-A*02:17	14
human	HLA-A*02:19	8
human	HLA-A*02:19	9
human	HLA-A*02:19	10
human	HLA-A*02:19	11
human	HLA-A*02:19	12
human	HLA-A*02:19	13
human	HLA-A*02:19	14
human	HLA-A*02:50	8
human	HLA-A*02:50	9
human	HLA-A*02:50	10
human	HLA-A*02:50	11
human	HLA-A*02:50	12
human	HLA-A*02:50	13
human	HLA-A*02:50	14
human	HLA-A*03:01	8
human	HLA-A*03:01	9
human	HLA-A*03:01	10
human	HLA-A*03:01	11
human	HLA-A*03:01	12
human	HLA-A*03:01	13
human	HLA-A*03:01	14
human	HLA-A*11:01	8
human	HLA-A*11:01	9
human	HLA-A*11:01	10
human	HLA-A*11:01	11
human	HLA-A*11:01	12
human	HLA-A*11:01	13
human	HLA-A*11:01	14
human	HLA-A*23:01	8
human	HLA-A*23:01	9
human	HLA-A*23:01	10
human	HLA-A*23:01	11
human	HLA-A*23:01	12
human	HLA-A*23:01	13
human	HLA-A*23:01	14
human	HLA-A*24:02	8
human	HLA-A*24:02	9
human	HLA-A*24:02	10
human	HLA-A*24:02	11
human	HLA-A*24:02	12
human	HLA-A*24:02	13
human	HLA-A*24:02	14
human	HLA-A*24:03	8
human	HLA-A*24:03	9
human	HLA-A*24:03	10
human	HLA-A*24:03	11
human	HLA-A*24:03	12
human	HLA-A*24:03	13
human	HLA-A*24:03	14
human	HLA-A*25:01	8
human	HLA-A*25:01	9
human	HLA-A*25:01	10
human	HLA-A*25:01	11
human	HLA-A*25:01	12
human	HLA-A*25:01	13
human	HLA-A*25:01	14
human	HLA-A*26:01	8
human	HLA-A*26:01	9
human	HLA-A*26:01	10
human	HLA-A*26:01	11
human	HLA-A*26:01	12
human	HLA-A*26:01	13
human	HLA-A*26:01	14
human	HLA-A*26:02	8
human	HLA-A*26:02	9
human	HLA-A*26:02	10
human	HLA-A*26:02	11
human	HLA-A*26:02	12
human	HLA-A*26:02	13
human	HLA-A*26:02	14
human	HLA-A*26:03	8
human	HLA-A*26:03	9
human	HLA-A*26:03	10
human	HLA-A*26:03	11
human	HLA-A*26:03	12
human	HLA-A*26:03	13
human	HLA-A*26:03	14
human	HLA-A*29:02	8
human	HLA-A*29:02	9
human	HLA-A*29:02	10
human	HLA-A*29:02	11
human	HLA-A*29:02	12
human	HLA-A*29:02	13
human	HLA-A*29:02	14
human	HLA-A*30:01	8
human	HLA-A*30:01	9
human	HLA-A*30:01	10
human	HLA-A*30:01	11
human	HLA-A*30:01	12
human	HLA-A*30:01	13
human	HLA-A*30:01	14
human	HLA-A*30:02	8
human	HLA-A*30:02	9
human	HLA-A*30:02	10
human	HLA-A*30:02	11
human	HLA-A*30:02	12
human	HLA-A*30:02	13
human	HLA-A*30:02	14
human	HLA-A*31:01	8
human	HLA-A*31:01	9
human	HLA-A*31:01	10
human	HLA-A*31:01	11
human	HLA-A*31:01	12
human	HLA-A*31:01	13
human	HLA-A*31:01	14
human	HLA-A*32:01	8
human	HLA-A*32:01	9
human	HLA-A*32:01	10
human	HLA-A*32:01	11
human	HLA-A*32:01	12
human	HLA-A*32:01	13
human	HLA-A*32:01	14
human	HLA-A*32:07	8
human	HLA-A*32:07	9
human	HLA-A*32:07	10
human	HLA-A*32:07	11
human	HLA-A*32:07	12
human	HLA-A*32:07	13
human	HLA-A*32:07	14
human	HLA-A*32:15	8
human	HLA-A*32:15	9
human	HLA-A*32:15	10
human	HLA-A*32:15	11
human	HLA-A*32:15	12
human	HLA-A*32:15	13
human	HLA-A*32:15	14
human	HLA-A*33:01	8
human	HLA-A*33:01	9
human	HLA-A*33:01	10
human	HLA-A*33:01	11
human	HLA-A*33:01	12
human	HLA-A*33:01	13
human	HLA-A*33:01	14
human	HLA-A*66:01	8
human	HLA-A*66:01	9
human	HLA-A*66:01	10
human	HLA-A*66:01	11
human	HLA-A*66:01	12
human	HLA-A*66:01	13
human	HLA-A*66:01	14
human	HLA-A*68:01	8
human	HLA-A*68:01	9
human	HLA-A*68:01	10
human	HLA-A*68:01	11
human	HLA-A*68:01	12
human	HLA-A*68:01	13
human	HLA-A*68:01	14
human	HLA-A*68:02	8
human	HLA-A*68:02	9
human	HLA-A*68:02	10
human	HLA-A*68:02	11
human	HLA-A*68:02	12
human	HLA-A*68:02	13
human	HLA-A*68:02	14
human	HLA-A*68:23	8
human	HLA-A*68:23	9
human	HLA-A*68:23	10
human	HLA-A*68:23	11
human	HLA-A*68:23	12
human	HLA-A*68:23	13
human	HLA-A*68:23	14
human	HLA-A*69:01	8
human	HLA-A*69:01	9
human	HLA-A*69:01	10
human	HLA-A*69:01	11
human	HLA-A*69:01	12
human	HLA-A*69:01	13
human	HLA-A*69:01	14
human	HLA-A*80:01	8
human	HLA-A*80:01	9
human	HLA-A*80:01	10
human	HLA-A*80:01	11
human	HLA-A*80:01	12
human	HLA-A*80:01	13
human	HLA-A*80:01	14
human	HLA-B*07:02	8
human	HLA-B*07:02	9
human	HLA-B*07:02	10
human	HLA-B*07:02	11
human	HLA-B*07:02	12
human	HLA-B*07:02	13
human	HLA-B*07:02	14
human	HLA-B*08:01	8
human	HLA-B*08:01	9
human	HLA-B*08:01	10
human	HLA-B*08:01	11
human	HLA-B*08:01	12
human	HLA-B*08:01	13
human	HLA-B*08:01	14
human	HLA-B*08:02	8
human	HLA-B*08:02	9
human	HLA-B*08:02	10
human	HLA-B*08:02	11
human	HLA-B*08:02	12
human	HLA-B*08:02	13
human	HLA-B*08:02	14
human	HLA-B*08:03	8
human	HLA-B*08:03	9
human	HLA-B*08:03	10
human	HLA-B*08:03	11
human	HLA-B*08:03	12
human	HLA-B*08:03	13
human	HLA-B*08:03	14
human	HLA-B*14:02	8
human	HLA-B*14:02	9
human	HLA-B*14:02	10
human	HLA-B*14:02	11
human	HLA-B*14:02	12
human	HLA-B*14:02	13
human	HLA-B*14:02	14
human	HLA-B*15:01	8
human	HLA-B*15:01	9
human	HLA-B*15:01	10
human	HLA-B*15:01	11
human	HLA-B*15:01	12
human	HLA-B*15:01	13
human	HLA-B*15:01	14
human	HLA-B*15:02	8
human	HLA-B*15:02	9
human	HLA-B*15:02	10
human	HLA-B*15:02	11
human	HLA-B*15:02	12
human	HLA-B*15:02	13
human	HLA-B*15:02	14
human	HLA-B*15:03	8
human	HLA-B*15:03	9
human	HLA-B*15:03	10
human	HLA-B*15:03	11
human	HLA-B*15:03	12
human	HLA-B*15:03	13
human	HLA-B*15:03	14
human	HLA-B*15:09	8
human	HLA-B*15:09	9
human	HLA-B*15:09	10
human	HLA-B*15:09	11
human	HLA-B*15:09	12
human	HLA-B*15:09	13
human	HLA-B*15:09	14
human	HLA-B*15:17	8
human	HLA-B*15:17	9
human	HLA-B*15:17	10
human	HLA-B*15:17	11
human	HLA-B*15:17	12
human	HLA-B*15:17	13
human	HLA-B*15:17	14
human	HLA-B*18:01	8
human	HLA-B*18:01	9
human	HLA-B*18:01	10
human	HLA-B*18:01	11
human	HLA-B*18:01	12
human	HLA-B*18:01	13
human	HLA-B*18:01	14
human	HLA-B*27:05	8
human	HLA-B*27:05	9
human	HLA-B*27:05	10
human	HLA-B*27:05	11
human	HLA-B*27:05	12
human	HLA-B*27:05	13
human	HLA-B*27:05	14
human	HLA-B*27:20	8
human	HLA-B*27:20	9
human	HLA-B*27:20	10
human	HLA-B*27:20	11
human	HLA-B*27:20	12
human	HLA-B*27:20	13
human	HLA-B*27:20	14
human	HLA-B*35:01	8
human	HLA-B*35:01	9
human	HLA-B*35:01	10
human	HLA-B*35:01	11
human	HLA-B*35:01	12
human	HLA-B*35:01	13
human	HLA-B*35:01	14
human	HLA-B*35:03	8
human	HLA-B*35:03	9
human	HLA-B*35:03	10
human	HLA-B*35:03	11
human	HLA-B*35:03	12
human	HLA-B*35:03	13
human	HLA-B*35:03	14
human	HLA-B*38:01	8
human	HLA-B*38:01	9
human	HLA-B*38:01	10
human	HLA-B*38:01	11
human	HLA-B*38:01	12
human	HLA-B*38:01	13
human	HLA-B*38:01	14
human	HLA-B*39:01	8
human	HLA-B*39:01	9
human	HLA-B*39:01	10
human	HLA-B*39:01	11
human	HLA-B*39:01	12
human	HLA-B*39:01	13
human	HLA-B*39:01	14
human	HLA-B*40:01	8
human	HLA-B*40:01	9
human	HLA-B*40:01	10
human	HLA-B*40:01	11
human	HLA-B*40:01	12
human	HLA-B*40:01	13
human	HLA-B*40:01	14
human	HLA-B*40:02	8
human	HLA-B*40:02	9
human	HLA-B*40:02	10
human	HLA-B*40:02	11
human	HLA-B*40:02	12
human	HLA-B*40:02	13
human	HLA-B*40:02	14
human	HLA-B*40:13	8
human	HLA-B*40:13	9
human	HLA-B*40:13	10
human	HLA-B*40:13	11
human	HLA-B*40:13	12
human	HLA-B*40:13	13
human	HLA-B*40:13	14
human	HLA-B*42:01	8
human	HLA-B*42:01	9
human	HLA-B*42:01	10
human	HLA-B*42:01	11
human	HLA-B*42:01	12
human	HLA-B*42:01	13
human	HLA-B*42:01	14
human	HLA-B*44:02	8
human	HLA-B*44:02	9
human	HLA-B*44:02	10
human	HLA-B*44:02	11
human	HLA-B*44:02	12
human	HLA-B*44:02	13
human	HLA-B*44:02	14
human	HLA-B*44:03	8
human	HLA-B*44:03	9
human	HLA-B*44:03	10
human	HLA-B*44:03	11
human	HLA-B*44:03	12
human	HLA-B*44:03	13
human	HLA-B*44:03	14
human	HLA-B*45:01	8
human	HLA-B*45:01	9
human	HLA-B*45:01	10
human	HLA-B*45:01	11
human	HLA-B*45:01	12
human	HLA-B*45:01	13
human	HLA-B*45:01	14
human	HLA-B*46:01	8
human	HLA-B*46:01	9
human	HLA-B*46:01	10
human	HLA-B*46:01	11
human	HLA-B*46:01	12
human	HLA-B*46:01	13
human	HLA-B*46:01	14
human	HLA-B*48:01	8
human	HLA-B*48:01	9
human	HLA-B*48:01	10
human	HLA-B*48:01	11
human	HLA-B*48:01	12
human	HLA-B*48:01	13
human	HLA-B*48:01	14
human	HLA-B*51:01	8
human	HLA-B*51:01	9
human	HLA-B*51:01	10
human	HLA-B*51:01	11
human	HLA-B*51:01	12
human	HLA-B*51:01	13
human	HLA-B*51:01	14
human	HLA-B*53:01	8
human	HLA-B*53:01	9
human	HLA-B*53:01	10
human	HLA-B*53:01	11
human	HLA-B*53:01	12
human	HLA-B*53:01	13
human	HLA-B*53:01	14
human	HLA-B*54:01	8
human	HLA-B*54:01	9
human	HLA-B*54:01	10
human	HLA-B*54:01	11
human	HLA-B*54:01	12
human	HLA-B*54:01	13
human	HLA-B*54:01	14
human	HLA-B*57:01	8
human	HLA-B*57:01	9
human	HLA-B*57:01	10
human	HLA-B*57:01	11
human	HLA-B*57:01	12
human	HLA-B*57:01	13
human	HLA-B*57:01	14
human	HLA-B*58:01	8
human	HLA-B*58:01	9
human	HLA-B*58:01	10
human	HLA-B*58:01	11
human	HLA-B*58:01	12
human	HLA-B*58:01	13
human	HLA-B*58:01	14
human	HLA-B*73:01	8
human	HLA-B*73:01	9
human	HLA-B*73:01	10
human	HLA-B*73:01	11
human	HLA-B*73:01	12
human	HLA-B*73:01	13
human	HLA-B*73:01	14
human	HLA-B*83:01	8
human	HLA-B*83:01	9
human	HLA-B*83:01	10
human	HLA-B*83:01	11
human	HLA-B*83:01	12
human	HLA-B*83:01	13
human	HLA-B*83:01	14
human	HLA-C*03:03	8
human	HLA-C*03:03	9
human	HLA-C*03:03	10
human	HLA-C*03:03	11
human	HLA-C*03:03	12
human	HLA-C*03:03	13
human	HLA-C*03:03	14
human	HLA-C*04:01	8
human	HLA-C*04:01	9
human	HLA-C*04:01	10
human	HLA-C*04:01	11
human	HLA-C*04:01	12
human	HLA-C*04:01	13
human	HLA-C*04:01	14
human	HLA-C*05:01	8
human	HLA-C*05:01	9
human	HLA-C*05:01	10
human	HLA-C*05:01	11
human	HLA-C*05:01	12
human	HLA-C*05:01	13
human	HLA-C*05:01	14
human	HLA-C*06:02	8
human	HLA-C*06:02	9
human	HLA-C*06:02	10
human	HLA-C*06:02	11
human	HLA-C*06:02	12
human	HLA-C*06:02	13
human	HLA-C*06:02	14
human	HLA-C*07:01	8
human	HLA-C*07:01	9
human	HLA-C*07:01	10
human	HLA-C*07:01	11
human	HLA-C*07:01	12
human	HLA-C*07:01	13
human	HLA-C*07:01	14
human	HLA-C*07:02	8
human	HLA-C*07:02	9
human	HLA-C*07:02	10
human	HLA-C*07:02	11
human	HLA-C*07:02	12
human	HLA-C*07:02	13
human	HLA-C*07:02	14
human	HLA-C*08:02	8
human	HLA-C*08:02	9
human	HLA-C*08:02	10
human	HLA-C*08:02	11
human	HLA-C*08:02	12
human	HLA-C*08:02	13
human	HLA-C*08:02	14
human	HLA-C*12:03	8
human	HLA-C*12:03	9
human	HLA-C*12:03	10
human	HLA-C*12:03	11
human	HLA-C*12:03	12
human	HLA-C*12:03	13
human	HLA-C*12:03	14
human	HLA-C*14:02	8
human	HLA-C*14:02	9
human	HLA-C*14:02	10
human	HLA-C*14:02	11
human	HLA-C*14:02	12
human	HLA-C*14:02	13
human	HLA-C*14:02	14
human	HLA-C*15:02	8
human	HLA-C*15:02	9
human	HLA-C*15:02	10
human	HLA-C*15:02	11
human	HLA-C*15:02	12
human	HLA-C*15:02	13
human	HLA-C*15:02	14
human	HLA-E*01:01	8
human	HLA-E*01:01	9
human	HLA-E*01:01	10
human	HLA-E*01:01	11
human	HLA-E*01:01	12
human	HLA-E*01:01	13
human	HLA-E*01:01	14
cow	BoLA-D18.4	8
cow	BoLA-D18.4	9
cow	BoLA-D18.4	10
cow	BoLA-D18.4	11
cow	BoLA-D18.4	12
cow	BoLA-D18.4	13
cow	BoLA-D18.4	14
cow	BoLA-HD6	8
cow	BoLA-HD6	9
cow	BoLA-HD6	10
cow	BoLA-HD6	11
cow	BoLA-HD6	12
cow	BoLA-HD6	13
cow	BoLA-HD6	14
cow	BoLA-JSP.1	8
cow	BoLA-JSP.1	9
cow	BoLA-JSP.1	10
cow	BoLA-JSP.1	11
cow	BoLA-JSP.1	12
cow	BoLA-JSP.1	13
cow	BoLA-JSP.1	14
cow	BoLA-T2C	8
cow	BoLA-T2C	9
cow	BoLA-T2C	10
cow	BoLA-T2C	11
cow	BoLA-T2C	12
cow	BoLA-T2C	13
cow	BoLA-T2C	14
cow	BoLA-T2a	8
cow	BoLA-T2a	9
cow	BoLA-T2a	10
cow	BoLA-T2a	11
cow	BoLA-T2a	12
cow	BoLA-T2a	13
cow	BoLA-T2a	14
cow	BoLA-T2b	8
cow	BoLA-T2b	9
cow	BoLA-T2b	10
cow	BoLA-T2b	11
cow	BoLA-T2b	12
cow	BoLA-T2b	13
cow	BoLA-T2b	14
